,First Name,Last Name,Height,Nationality,Favorite Icecream,Like Liquorice,Times Been to Italy,First Time London,Steps per Day
0,Lorraine,Maddox,159.48,Finland,Chocolate,1,1,0,4566.0
1,Jake,Short,143.05,Italy,Strawberry,0,1,0,9024.0
2,Mike,Meza,163.05,Sweden,Pistachio,0,2,0,10369.0
3,Sherry,Tanner,145.84,USA,Mint,0,0,0,5068.0
4,Tina,Zamora,205.92,Brazil,Strawberry,0,0,0,1354.0
5,Rachael,Collins,141.09,Australia,Vanilla,0,0,1,9945.0
6,Cheyenne,Jordan,139.4,Brazil,Vanilla,0,1,0,2200.0
7,Travis,Kirk,147.2,USA,Vanilla,0,1,0,10112.0
8,Christina,Duke,181.13,Sweden,Strawberry,1,3,1,7885.0
9,Darlene,Dudley,142.01,Australia,Pistachio,0,5,1,1926.0
10,Stephen,Gray,146.44,Australia,Pistachio,0,1,0,6748.0
11,Drew,White,199.4,Norway,Chocolate,1,3,0,2206.0
12,Mark,Dorsey,146.78,China,Stracciatella,0,0,0,9662.0
13,David,Cruz,137.29,Norway,Vanilla,1,3,0,7768.0
14,Brooke,Sandoval,144.99,Denmark,Mint,1,5,0,17794.0
15,Kellie,Baker,163.76,Canada,Chocolate,0,0,0,5716.0
16,Doris,Hayes,193.39,Japan,Mint,0,0,0,17387.0
17,Bryan,Silva,164.38,UK,Vanilla,0,6,0,17500.0
18,Debbie,Avery,181.9,Denmark,Stracciatella,1,2,0,13112.0
19,Logan,Norton,193.43,Denmark,Pistachio,0,3,1,13938.0
20,Johnny,Prince,136.54,Finland,Stracciatella,0,0,1,5631.0
21,Selena,King,172.8,Finland,Mint,1,4,0,3814.0
22,Carla,Cunningham,199.71,UK,Stracciatella,0,2,1,10192.0
23,Karina,Wade,177.96,Brazil,Vanilla,0,1,0,12199.0
24,Gina,Mercado,155.82,UK,Vanilla,0,2,1,19016.0
25,Hunter,Mora,140.76,Japan,Strawberry,1,0,0,16730.0
26,Adam,Burton,142.94,Japan,Stracciatella,1,0,0,1758.0
27,Justin,Juarez,146.13,Germany,Vanilla,0,3,0,11704.0
28,Savannah,Petersen,203.95,Sweden,Vanilla,1,9,0,12288.0
29,Jorge,Bridges,155.09,Italy,Chocolate,0,0,1,8198.0
30,Theresa,Mcclain,199.89,Italy,Pistachio,0,1,0,14547.0
31,Luis,Turner,149.7,China,Chocolate,1,5,0,18948.0
32,Selena,Boyle,179.53,Finland,Pistachio,1,0,0,11448.0
33,Sheri,Barnes,135.65,Canada,Vanilla,0,0,0,2506.0
34,Paige,Ferguson,139.57,China,Stracciatella,1,0,0,3152.0
35,Sherry,Frank,156.75,Denmark,Pistachio,0,2,0,7206.0
36,Jose,Bonilla,186.4,China,Stracciatella,0,2,0,11659.0
37,Tim,Hess,145.12,France,Pistachio,0,3,0,12245.0
38,Suzanne,Warren,203.06,Canada,Chocolate,1,1,0,13616.0
39,Thomas,Moore,169.21,Brazil,Chocolate,0,1,0,16523.0
40,Laura,Soto,166.06,France,Mint,1,3,0,1600.0
41,Jeanne,White,164.35,Brazil,Pistachio,0,0,1,6946.0
42,Andre,Thompson,181.99,UK,Pistachio,0,9,1,6428.0
43,Alexa,Davidson,134.91,China,Mint,0,4,0,5288.0
44,Tom,Avery,158.0,Canada,Chocolate,0,2,0,12927.0
45,Karen,Gordon,150.03,France,Chocolate,0,4,1,3780.0
46,Collin,Pugh,173.5,Norway,Chocolate,1,1,1,6763.0
47,Bridget,Lawrence,204.62,Sweden,Chocolate,1,1,1,9325.0
48,Jane,Perez,150.36,Brazil,Chocolate,1,1,1,7643.0
49,Emily,Huynh,206.42,Norway,Mint,1,0,0,18219.0
50,Cassandra,Johnson,205.21,Norway,Vanilla,1,2,1,14940.0
51,Kristie,Duran,205.08,Canada,Strawberry,1,0,1,13062.0
52,Jenna,Moyer,187.82,Australia,Pistachio,1,1,1,12283.0
53,Amy,Mendez,139.19,UK,Vanilla,0,1,1,14762.0
54,Cody,Herring,177.31,Brazil,Strawberry,0,8,0,17389.0
55,Patricia,Fleming,141.24,Denmark,Stracciatella,0,1,0,3742.0
56,Ryan,Stafford,135.28,USA,Stracciatella,0,0,0,16255.0
57,Alex,Yates,207.12,Denmark,Vanilla,1,3,1,11872.0
58,Holly,Ingram,149.77,Italy,Strawberry,0,0,0,12906.0
59,Kelsey,Herman,155.08,Germany,Vanilla,1,3,0,4984.0
60,Erica,Escobar,146.15,Germany,Mint,0,2,0,3790.0
61,Zoe,Nunez,196.12,Norway,Strawberry,1,2,0,11986.0
62,Sherry,Walker,187.33,France,Chocolate,1,3,1,13211.0
63,Gina,Collins,194.75,China,Chocolate,0,1,1,16335.0
64,Joel,Stokes,205.11,Japan,Chocolate,0,1,0,7835.0
65,Raven,Mahoney,184.21,Norway,Vanilla,1,1,0,10570.0
66,Mark,Lopez,165.64,Brazil,Strawberry,0,1,0,12112.0
67,Dominique,Bailey,148.94,Brazil,Pistachio,1,6,0,12782.0
68,Jorge,Carter,190.91,Germany,Vanilla,0,1,0,9940.0
69,Manuel,Chandler,162.22,China,Vanilla,0,0,0,14252.0
70,Randall,Townsend,199.73,China,Vanilla,1,9,0,11370.0
71,Lonnie,Booker,149.62,Finland,Pistachio,1,1,1,8393.0
72,Dana,Palmer,137.87,Denmark,Strawberry,1,4,1,13560.0
73,Joshua,Bruce,189.45,Japan,Stracciatella,0,0,0,16561.0
74,Hunter,Cortez,161.5,Japan,Mint,0,7,1,15925.0
75,Chelsea,Stokes,170.78,USA,Pistachio,0,7,0,5123.0
76,Drew,Riley,205.96,USA,Mint,1,0,1,1973.0
77,Brian,Underwood,207.64,Italy,Chocolate,0,2,0,10626.0
78,Dwayne,Lambert,156.45,France,Strawberry,0,1,0,12085.0
79,Dean,Poole,184.97,Brazil,Strawberry,0,0,1,18083.0
80,Ryan,Herrera,150.39,Japan,Stracciatella,1,0,0,5180.0
81,Christy,Skinner,153.49,Norway,Pistachio,1,3,1,4943.0
82,Lonnie,Pacheco,174.68,Italy,Stracciatella,1,3,0,17677.0
83,Cody,Wheeler,165.7,Germany,Stracciatella,0,2,0,11118.0
84,Paul,Pennington,156.84,Japan,Pistachio,0,0,1,14972.0
85,Louis,Dawson,205.69,Brazil,Strawberry,0,0,0,6482.0
86,Morgan,Odonnell,205.69,USA,Pistachio,1,0,0,6194.0
87,Dylan,Gaines,173.56,Finland,Strawberry,1,3,1,9892.0
88,Patricia,Hess,154.56,Finland,Mint,1,3,0,2124.0
89,Dylan,Bush,185.77,Italy,Pistachio,0,2,1,2291.0
90,Jenna,Cooper,174.2,Japan,Pistachio,0,1,0,10365.0
91,Keith,Rich,145.02,Sweden,Strawberry,1,9,0,6119.0
92,Bridget,Small,192.99,USA,Stracciatella,0,7,1,14953.0
93,Ashlee,Boyd,149.82,Japan,Chocolate,1,0,0,5813.0
94,Jeremy,Fuentes,187.45,USA,Pistachio,0,5,0,9962.0
95,Morgan,Curtis,191.16,Brazil,Chocolate,0,0,0,19058.0
96,Wesley,Joseph,145.32,Canada,Mint,1,8,0,10186.0
97,Heidi,Boyle,136.9,Norway,Pistachio,1,0,0,15995.0
98,Patricia,Cherry,161.91,China,Stracciatella,1,3,0,3568.0
99,Katelyn,Soto,145.89,Norway,Chocolate,0,2,1,4743.0
100,Victoria,Cochran,201.41,UK,Strawberry,0,3,1,4969.0
101,James,Sampson,182.24,Sweden,Pistachio,1,1,1,18352.0
102,Martin,West,169.48,Sweden,Mint,1,0,1,11918.0
103,Tommy,Werner,206.72,Japan,Chocolate,0,0,0,5322.0
104,Amy,Bush,136.42,Canada,Stracciatella,1,6,1,3854.0
105,Sergio,Martinez,148.87,France,Pistachio,1,7,0,17442.0
106,Jackie,Conway,157.03,France,Pistachio,0,3,0,12889.0
107,Darlene,Chavez,188.64,Norway,Mint,1,1,1,18669.0
108,Nathan,Hartman,170.22,Sweden,Chocolate,1,2,0,11045.0
109,Curtis,Johns,143.84,Japan,Strawberry,0,1,0,15070.0
110,Lawrence,Meyer,164.06,Finland,Mint,1,3,0,9586.0
111,Kristina,Rosales,143.91,Italy,Mint,1,2,0,16905.0
112,Chelsey,Rojas,171.33,Sweden,Mint,1,2,0,14344.0
113,Colin,Larsen,179.65,Brazil,Vanilla,0,1,1,16810.0
114,Chad,Hicks,181.28,Sweden,Chocolate,1,2,1,5261.0
115,Evan,Santiago,142.19,China,Stracciatella,0,0,1,8372.0
116,Crystal,Strong,183.2,Australia,Vanilla,1,1,0,7048.0
117,Alexis,Woods,168.72,Denmark,Chocolate,1,1,1,5864.0
118,Cody,Mcdonald,187.03,USA,Pistachio,1,1,0,13884.0
119,Randy,Harris,150.24,France,Vanilla,0,1,0,6741.0
120,Marisa,Gilbert,177.49,Sweden,Strawberry,1,2,0,13509.0
121,Charlotte,Jacobson,179.11,Brazil,Vanilla,0,0,0,15359.0
122,Courtney,Hicks,175.12,Brazil,Strawberry,0,2,0,9455.0
123,Jenny,Taylor,168.36,Finland,Stracciatella,1,1,0,5597.0
124,Stacey,Gonzales,138.1,USA,Pistachio,1,1,1,10331.0
125,Tina,Carrillo,179.38,Norway,Stracciatella,1,3,0,18865.0
126,Gerald,Mays,185.39,Australia,Pistachio,0,9,1,14136.0
127,Rachel,Walter,154.13,Finland,Stracciatella,1,1,0,17412.0
128,Margaret,Oneal,178.65,Norway,Stracciatella,1,3,0,17814.0
129,Cathy,Richards,172.18,USA,Mint,1,0,1,1329.0
130,Kathy,Schneider,167.18,USA,Pistachio,0,1,0,4735.0
131,Robert,Lowe,150.57,China,Chocolate,1,8,0,5676.0
132,Jonathan,Moyer,174.9,Finland,Stracciatella,1,3,0,17250.0
133,Hailey,Gomez,181.29,USA,Vanilla,1,1,1,3382.0
134,Brent,Russell,134.91,Brazil,Pistachio,0,0,1,18148.0
135,Jacqueline,Bean,163.18,UK,Chocolate,1,0,1,13078.0
136,Jake,Shepard,141.62,Sweden,Mint,1,1,1,10454.0
137,Haley,Brewer,135.29,Canada,Pistachio,1,6,1,5635.0
138,Sara,Newton,174.24,Denmark,Mint,1,1,1,12970.0
139,Yvonne,Gross,135.79,Brazil,Pistachio,1,6,1,8691.0
140,Jeremiah,Mueller,175.6,Finland,Mint,1,2,0,4086.0
141,Bridget,Solis,157.7,Australia,Vanilla,1,0,0,7924.0
142,Craig,Mora,183.39,Sweden,Vanilla,1,2,0,18848.0
143,Sherry,Hancock,184.71,China,Mint,0,0,0,5358.0
144,Madison,Bailey,163.62,France,Stracciatella,1,8,0,1988.0
145,Samuel,Berry,170.06,Australia,Stracciatella,1,1,1,13481.0
146,Jeffrey,Lewis,158.65,Finland,Stracciatella,1,3,0,7260.0
147,Sandra,Clarke,151.52,Sweden,Vanilla,1,0,0,8597.0
148,Mitchell,Medina,188.11,China,Pistachio,0,0,1,11700.0
149,David,Howell,162.81,Finland,Vanilla,0,1,1,8464.0
150,Marcus,Cunningham,158.82,Brazil,Strawberry,0,0,0,13957.0
151,Jay,Spencer,150.68,Sweden,Stracciatella,1,4,0,5591.0
152,Carrie,Sosa,155.05,Denmark,Pistachio,1,4,0,5496.0
153,Desiree,Cherry,184.45,China,Strawberry,0,0,1,11044.0
154,Alexandra,Dean,179.44,Norway,Strawberry,1,3,0,14354.0
155,Sheri,Underwood,171.63,France,Chocolate,0,1,1,1196.0
156,Logan,Gutierrez,153.9,Japan,Pistachio,1,0,0,5624.0
157,Hailey,Wang,182.23,Norway,Chocolate,1,2,1,15067.0
158,Sheila,Keith,189.92,UK,Stracciatella,1,2,1,8875.0
159,Misty,Frye,192.82,Denmark,Strawberry,1,1,0,16634.0
160,Martin,Mann,167.89,Australia,Vanilla,0,0,1,3878.0
161,Yolanda,Heath,202.58,Italy,Pistachio,0,5,1,15286.0
162,Frederick,Little,161.07,Canada,Chocolate,0,0,1,10866.0
163,Felicia,Gill,174.63,Norway,Stracciatella,0,7,1,4864.0
164,Dylan,Carr,142.8,USA,Vanilla,1,0,0,17320.0
165,Loretta,Porter,173.37,Canada,Vanilla,0,0,0,7627.0
166,Kellie,Wolf,193.94,Norway,Pistachio,0,6,1,11808.0
167,Theresa,Peterson,170.97,UK,Stracciatella,0,4,1,16765.0
168,Renee,Ferguson,157.56,Italy,Stracciatella,0,5,0,7433.0
169,David,Frey,181.71,France,Vanilla,0,2,0,4644.0
170,Luke,Booth,149.89,China,Stracciatella,0,1,0,8829.0
171,Mary,Coleman,174.13,Denmark,Pistachio,1,1,1,6315.0
172,Desiree,Manning,183.37,Italy,Stracciatella,0,0,0,7200.0
173,Samuel,Chapman,187.04,Australia,Vanilla,0,9,1,12118.0
174,Troy,Ward,191.91,Canada,Strawberry,0,1,1,6949.0
175,Chelsea,Roman,159.72,USA,Pistachio,0,0,0,14295.0
176,Stephanie,Jacobson,192.81,UK,Vanilla,1,6,1,10060.0
177,Bridget,Chandler,159.64,China,Chocolate,1,1,1,3568.0
178,Olivia,Zamora,168.73,Brazil,Mint,0,9,0,10058.0
179,Miranda,Barnes,165.13,Japan,Chocolate,0,1,1,16276.0
180,Shelia,Mcclain,191.17,Finland,Pistachio,1,0,0,10482.0
181,Victoria,Rosales,195.44,UK,Strawberry,0,3,1,6095.0
182,Martin,Gross,175.35,Sweden,Strawberry,1,1,0,14007.0
183,Jenna,Knight,190.48,Denmark,Vanilla,0,8,1,7042.0
184,Cheyenne,Morgan,200.18,Norway,Stracciatella,1,1,1,11478.0
185,Wanda,Nelson,155.8,Canada,Mint,0,9,0,12470.0
186,Tamara,Mann,167.19,China,Stracciatella,0,0,1,12670.0
187,Mitchell,Kirby,169.49,Italy,Chocolate,0,2,0,6581.0
188,Dwayne,Hickman,160.81,Canada,Mint,0,0,1,17753.0
189,Larry,Boyd,170.49,China,Chocolate,0,1,0,15505.0
190,Jasmine,Valdez,142.3,Norway,Pistachio,1,2,1,2935.0
191,Shelley,Kennedy,143.43,UK,Stracciatella,0,2,1,18342.0
192,Brandon,Skinner,158.97,Norway,Pistachio,1,3,1,6620.0
193,Frances,Jennings,143.87,Germany,Stracciatella,0,3,1,16918.0
194,Vanessa,Church,198.99,Brazil,Strawberry,0,1,0,5002.0
195,Drew,Griffin,147.04,Germany,Vanilla,0,1,0,16067.0
196,Yesenia,Sawyer,153.8,China,Mint,1,5,1,2349.0
197,Lorraine,Higgins,157.13,Sweden,Pistachio,1,3,0,14014.0
198,Jesse,Burton,138.16,Germany,Vanilla,0,1,0,3026.0
199,Sergio,Snyder,162.7,Italy,Pistachio,0,1,0,15209.0
200,Melissa,Byrd,162.25,USA,Stracciatella,0,7,0,10253.0
201,Tommy,Bishop,194.58,USA,Mint,1,6,1,12208.0
202,Derek,Fuller,182.92,Finland,Chocolate,1,2,1,14645.0
203,Willie,Jackson,149.08,Canada,Stracciatella,0,1,0,7452.0
204,Leslie,Braun,189.55,Italy,Strawberry,0,1,1,4356.0
205,Breanna,Robles,157.65,France,Stracciatella,1,2,0,5754.0
206,Dean,Yoder,156.96,Norway,Chocolate,1,3,0,6818.0
207,Dana,Hendricks,169.74,Italy,Strawberry,0,5,1,15542.0
208,Kathy,Hartman,201.38,USA,Chocolate,1,3,1,8914.0
209,Joseph,Peterson,173.29,Finland,Stracciatella,1,4,0,6242.0
210,Margaret,Gillespie,153.76,Japan,Stracciatella,0,7,0,4764.0
211,Kayla,Prince,152.59,USA,Strawberry,1,6,0,11580.0
212,Gerald,Moyer,153.93,UK,Strawberry,0,6,1,15840.0
213,Kathryn,Hardy,192.89,Australia,Pistachio,0,0,1,2654.0
214,Jerry,Lozano,195.15,Denmark,Mint,1,3,0,15185.0
215,Morgan,Obrien,158.52,France,Pistachio,1,2,0,5051.0
216,Elizabeth,Odonnell,148.39,Denmark,Chocolate,1,3,1,16494.0
217,Patricia,Wilkins,146.79,Denmark,Strawberry,1,3,1,6312.0
218,Brooke,Dixon,156.27,Denmark,Chocolate,0,2,1,8504.0
219,Lisa,Campbell,205.2,Japan,Strawberry,0,1,0,14091.0
220,Toni,Christensen,183.74,Canada,Strawberry,0,0,1,7640.0
221,Mary,Logan,189.27,Brazil,Strawberry,0,1,0,9274.0
222,Peggy,Wu,189.24,France,Vanilla,1,3,0,5714.0
223,Alexandra,Aguilar,157.75,Norway,Pistachio,1,2,1,2556.0
224,Pam,Nielsen,153.31,France,Pistachio,0,2,0,5712.0
225,Lindsey,Aguilar,147.44,Norway,Strawberry,1,2,0,13500.0
226,Cassandra,Erickson,145.62,France,Strawberry,0,2,0,2021.0
227,Lindsay,Jordan,169.2,Brazil,Chocolate,0,0,0,4209.0
228,Glenda,Christensen,194.81,Australia,Stracciatella,0,0,1,14558.0
229,Cynthia,Gentry,181.02,Finland,Mint,1,2,1,18056.0
230,Jasmine,Khan,185.76,Sweden,Vanilla,1,9,0,17089.0
231,Jeffrey,Vaughn,143.7,UK,Stracciatella,0,0,0,6489.0
232,Cynthia,Hess,186.57,Norway,Strawberry,0,9,0,17508.0
233,Philip,Walker,206.85,Finland,Stracciatella,1,2,0,17808.0
234,Alexander,Ferguson,153.76,Canada,Pistachio,1,1,0,9058.0
235,Derrick,Powell,184.76,Brazil,Pistachio,0,0,1,3433.0
236,Kristopher,Cortez,189.82,Brazil,Stracciatella,0,1,0,16966.0
237,Cynthia,Bond,143.54,Sweden,Chocolate,0,6,0,12695.0
238,Isabella,Paul,202.79,USA,Vanilla,0,1,0,8924.0
239,Todd,Edwards,168.07,UK,Vanilla,0,2,1,2532.0
240,Linda,Rice,145.73,France,Chocolate,0,4,0,11806.0
241,Jacqueline,Hayes,174.7,Brazil,Mint,0,0,0,9807.0
242,Raven,Walton,160.79,Finland,Stracciatella,0,1,0,2725.0
243,Lee,Parker,151.71,Germany,Pistachio,0,0,0,14584.0
244,Julia,Hale,149.79,Norway,Chocolate,1,5,1,8512.0
245,Isabella,Cooley,193.05,Australia,Chocolate,0,0,1,15462.0
246,Loretta,Malone,184.76,Australia,Strawberry,0,0,1,4648.0
247,Doris,Riley,177.58,Denmark,Stracciatella,1,1,1,13751.0
248,Leah,Hess,181.68,Japan,Stracciatella,0,0,0,14079.0
249,Spencer,Hughes,142.93,Germany,Chocolate,1,4,0,12249.0
250,Nina,Wells,160.87,Denmark,Strawberry,1,3,1,2777.0
251,Andrea,Holt,194.34,China,Stracciatella,0,0,0,8078.0
252,Danielle,Tucker,179.69,Brazil,Stracciatella,0,3,0,12249.0
253,Gary,Phillips,141.8,China,Mint,0,0,0,7052.0
254,Barry,Wagner,137.0,Denmark,Mint,0,0,0,5660.0
255,Stacey,Gibbs,183.28,USA,Pistachio,1,1,0,6973.0
256,Colleen,Jimenez,138.84,Australia,Pistachio,1,1,0,14926.0
257,Sheri,Moran,149.03,Brazil,Chocolate,1,8,0,18633.0
258,Monica,Coleman,162.72,China,Stracciatella,0,3,0,17877.0
259,Madison,Booth,170.12,Finland,Stracciatella,0,9,1,11684.0
260,Whitney,Nichols,134.3,Italy,Strawberry,1,3,0,1516.0
261,Louis,Walls,149.32,Brazil,Chocolate,0,0,0,15591.0
262,Lindsey,Walton,188.2,Brazil,Chocolate,1,0,0,4423.0
263,Charles,Brown,136.28,Canada,Pistachio,0,0,1,11690.0
264,Denise,Higgins,162.78,Japan,Mint,1,0,0,17605.0
265,Martin,Mcmahon,148.63,Australia,Strawberry,1,1,0,8360.0
266,Ruth,Wood,167.86,China,Mint,1,8,0,18766.0
267,Jimmy,Murphy,153.56,Finland,Chocolate,1,0,1,5771.0
268,Doris,Logan,151.18,Italy,Chocolate,0,1,1,7056.0
269,Gerald,Obrien,191.25,UK,Mint,0,0,1,7864.0
270,Alejandra,Shelton,188.4,Finland,Stracciatella,1,1,1,11728.0
271,Kristina,Ramsey,205.82,Japan,Chocolate,0,0,1,17653.0
272,Edward,Winters,202.83,Brazil,Strawberry,1,1,1,2166.0
273,Brianna,Hicks,187.72,Australia,Strawberry,0,1,1,4624.0
274,Edward,Cox,177.95,Australia,Mint,1,0,1,18177.0
275,Aaron,Rowe,177.6,Japan,Vanilla,0,0,0,12630.0
276,Chelsea,Cohen,202.14,Norway,Vanilla,1,0,0,3443.0
277,Carolyn,Padilla,143.57,Japan,Strawberry,1,8,0,13333.0
278,Kimberly,Mcbride,156.56,Brazil,Mint,0,0,0,17993.0
279,Philip,Ramsey,144.3,USA,Pistachio,1,6,0,4441.0
280,Nathan,Graham,141.79,Norway,Chocolate,1,5,0,18397.0
281,Sheri,Maxwell,153.34,Finland,Stracciatella,1,2,0,17900.0
282,Laura,Palmer,134.91,Sweden,Vanilla,0,4,1,6263.0
283,Mckenzie,Morales,174.4,Australia,Chocolate,0,1,0,3700.0
284,Greg,Roberts,172.14,Japan,Stracciatella,0,0,0,12266.0
285,Carolyn,Lopez,159.47,Germany,Pistachio,0,0,0,7378.0
286,Juan,Robinson,187.48,USA,Chocolate,0,0,0,15735.0
287,Ray,Pugh,159.04,Germany,Pistachio,0,1,0,18868.0
288,Gerald,Bradford,147.37,Denmark,Pistachio,1,2,1,13881.0
289,Linda,Patton,161.35,Finland,Pistachio,1,0,1,1331.0
290,Cameron,Boone,141.76,Denmark,Stracciatella,1,1,1,5385.0
291,Bob,Shelton,139.84,USA,Chocolate,0,1,0,5661.0
292,Mckenzie,Fuentes,142.33,USA,Stracciatella,0,7,0,17554.0
293,Kelsey,Ritter,166.76,Sweden,Vanilla,1,2,0,17251.0
294,Paula,Little,166.03,Denmark,Pistachio,1,0,0,12988.0
295,Frederick,Sparks,152.05,Brazil,Vanilla,1,0,0,14328.0
296,Brandi,Gross,176.33,Germany,Pistachio,0,1,0,18910.0
297,Dylan,Mercer,146.07,Japan,Strawberry,1,0,0,10291.0
298,Susan,Leonard,142.93,Germany,Strawberry,1,1,1,1375.0
299,Alicia,Rogers,202.53,France,Vanilla,0,4,0,12673.0
300,Wesley,Stanley,139.57,Sweden,Chocolate,1,0,0,17110.0
301,Spencer,Stewart,134.95,Italy,Pistachio,0,5,0,15398.0
302,Clinton,Byrd,163.11,Norway,Vanilla,0,9,0,1574.0
303,Carrie,Harris,185.26,Brazil,Vanilla,0,8,0,5324.0
304,Adam,Davis,152.61,Norway,Strawberry,1,3,0,2307.0
305,Javier,Wallace,141.48,Norway,Stracciatella,1,4,0,8506.0
306,Kimberly,Shelton,160.6,Brazil,Pistachio,0,0,0,13010.0
307,Lindsay,Luna,198.53,Australia,Chocolate,0,0,0,3835.0
308,Benjamin,Mcintosh,194.41,Japan,Stracciatella,0,1,0,6293.0
309,Cynthia,Hartman,184.75,Canada,Strawberry,0,1,1,8065.0
310,Marisa,Meza,170.52,Italy,Pistachio,1,3,0,2715.0
311,Joshua,Brown,190.4,China,Vanilla,0,0,0,9144.0
312,Sherry,Nichols,161.16,Finland,Strawberry,1,0,0,10861.0
313,Darlene,Hopkins,152.87,China,Vanilla,1,8,0,8012.0
314,Gabriel,White,162.32,Brazil,Pistachio,1,1,0,14437.0
315,Sandy,Aguirre,173.26,UK,Chocolate,0,0,1,4989.0
316,Shawna,Levy,134.32,Australia,Pistachio,1,0,0,17785.0
317,Kristy,Day,146.24,Denmark,Strawberry,1,4,0,18044.0
318,Joe,Henry,187.57,China,Chocolate,1,0,0,7077.0
319,Ruth,Patterson,134.84,France,Chocolate,0,2,0,12353.0
320,Martin,Colon,176.34,Italy,Pistachio,0,2,0,5737.0
321,Roger,Rose,177.39,Brazil,Stracciatella,1,8,0,6114.0
322,Audrey,Morrow,196.08,Australia,Pistachio,0,1,0,9043.0
323,Laura,Cuevas,172.83,Australia,Chocolate,0,5,1,17892.0
324,Kim,Berger,149.3,China,Strawberry,0,1,1,12247.0
325,Martha,Hebert,135.93,Australia,Stracciatella,0,1,1,18138.0
326,Julia,Underwood,179.13,Brazil,Vanilla,0,0,0,4838.0
327,Maria,Pruitt,162.16,France,Pistachio,1,2,0,13676.0
328,Keith,Gordon,150.86,Germany,Stracciatella,0,1,0,14145.0
329,Cassie,Irwin,186.7,Italy,Pistachio,0,3,0,1093.0
330,Christian,Diaz,150.5,USA,Vanilla,1,0,0,6147.0
331,Hector,Warren,139.85,Norway,Pistachio,1,4,0,15365.0
332,Sonya,Massey,205.59,France,Stracciatella,1,7,0,3037.0
333,Misty,Mills,165.14,Denmark,Strawberry,1,1,0,18705.0
334,Phillip,Gonzales,139.46,Sweden,Mint,1,1,0,16491.0
335,Carolyn,Erickson,202.79,China,Strawberry,1,3,0,2021.0
336,Rodney,Mcknight,161.28,France,Vanilla,0,2,0,11938.0
337,Manuel,Bean,138.57,China,Strawberry,0,0,1,13847.0
338,Valerie,Sherman,154.27,China,Vanilla,0,0,0,4460.0
339,Shelia,Kline,151.77,Brazil,Vanilla,0,0,0,3479.0
340,Ronald,Hess,137.32,Japan,Stracciatella,0,0,0,14053.0
341,Clinton,Mccall,156.43,UK,Strawberry,0,1,1,16775.0
342,Shannon,Tanner,204.79,Italy,Mint,0,0,0,15376.0
343,Harry,Davidson,160.88,Finland,Vanilla,1,2,0,1320.0
344,Melissa,Campbell,182.39,USA,Stracciatella,1,0,0,5854.0
345,Jesse,Wise,195.61,China,Strawberry,0,0,0,9029.0
346,Lawrence,Marks,199.7,Japan,Strawberry,0,2,0,10877.0
347,Marilyn,Harper,170.82,Australia,Stracciatella,0,1,1,10268.0
348,Jared,Munoz,176.84,Norway,Stracciatella,1,0,1,10210.0
349,Cody,Riley,188.02,Brazil,Chocolate,1,0,0,9174.0
350,Joel,Scott,162.51,USA,Chocolate,0,1,0,6403.0
351,Miguel,Reyes,146.72,UK,Mint,0,6,1,16118.0
352,Kim,Glenn,202.11,USA,Vanilla,1,0,0,4497.0
353,Randy,Sandoval,138.18,Brazil,Pistachio,0,0,0,4537.0
354,Steve,Stafford,182.38,Italy,Pistachio,0,5,0,5485.0
355,Sheila,Ortega,202.38,France,Vanilla,0,4,0,6971.0
356,Zoe,Brewer,139.97,Japan,Pistachio,0,0,1,4921.0
357,Gary,Ortega,188.55,USA,Pistachio,0,0,0,12125.0
358,Martin,Mccoy,159.38,Australia,Pistachio,0,0,1,14530.0
359,Hannah,Ward,139.02,Norway,Chocolate,0,4,1,19031.0
360,Jeremy,Leon,169.18,USA,Mint,1,0,1,18656.0
361,Darlene,Hess,151.64,Italy,Strawberry,0,2,1,14527.0
362,Gary,Payne,181.53,Italy,Chocolate,0,5,0,11753.0
363,Kara,Gray,199.65,Denmark,Stracciatella,1,1,0,1119.0
364,Robert,Adkins,185.75,UK,Chocolate,0,3,1,5915.0
365,Cheyenne,Ball,207.48,Canada,Strawberry,0,0,0,6630.0
366,Anne,Reynolds,153.35,China,Pistachio,0,2,0,2400.0
367,Richard,Warren,168.33,Norway,Stracciatella,1,2,0,10524.0
368,Gerald,Stewart,161.78,Canada,Chocolate,0,0,0,10048.0
369,Colin,Zimmerman,134.22,China,Mint,1,8,0,4220.0
370,Nina,Farrell,192.24,Denmark,Chocolate,1,1,0,4136.0
371,Nathan,Boyd,170.55,Italy,Strawberry,0,2,1,11048.0
372,Deborah,Barnes,144.14,Denmark,Pistachio,1,3,0,13147.0
373,Brandi,Khan,176.39,UK,Stracciatella,0,2,1,18318.0
374,Sara,Dixon,191.48,China,Pistachio,0,0,0,2072.0
375,Diane,Walls,149.95,USA,Pistachio,1,6,1,7762.0
376,Kylie,Ponce,175.58,Germany,Chocolate,0,2,0,3456.0
377,Cynthia,Willis,162.25,China,Vanilla,1,0,0,7094.0
378,Bob,Santiago,158.17,Japan,Pistachio,0,0,0,14848.0
379,Erica,Bryant,190.0,USA,Vanilla,0,1,0,10662.0
380,Jay,Rice,134.34,France,Mint,0,2,0,4233.0
381,Barry,Brown,149.57,Norway,Chocolate,1,1,0,9676.0
382,Lisa,Ross,148.54,France,Chocolate,0,4,0,6232.0
383,Jillian,Peterson,174.13,USA,Stracciatella,1,6,0,11938.0
384,Kenneth,Richmond,143.91,France,Mint,0,2,0,4626.0
385,Shelly,Ponce,169.92,France,Stracciatella,0,2,0,13555.0
386,Kevin,Welch,201.6,France,Pistachio,0,3,0,16044.0
387,Cathy,Mack,159.15,Sweden,Mint,1,2,0,18370.0
388,Terrence,Oneal,135.86,Brazil,Strawberry,0,1,0,11655.0
389,Dawn,Zamora,146.24,Brazil,Mint,1,0,0,17639.0
390,Marilyn,Strong,183.18,Australia,Mint,0,0,0,11058.0
391,Sheila,Odonnell,166.01,USA,Chocolate,0,0,0,14616.0
392,Jeremy,Anderson,191.85,UK,Stracciatella,0,3,1,5554.0
393,April,Pineda,204.02,Brazil,Stracciatella,0,0,1,14426.0
394,Sarah,Benson,179.26,Germany,Pistachio,0,2,0,9546.0
395,Rachel,Fuentes,146.09,China,Stracciatella,1,7,0,1124.0
396,Johnathan,Benton,144.28,China,Stracciatella,0,0,0,18816.0
397,Ray,Marks,156.28,Norway,Vanilla,0,9,0,10590.0
398,Heather,Cruz,185.46,Finland,Pistachio,1,3,1,3500.0
399,Megan,Frey,142.62,USA,Stracciatella,0,1,0,17960.0
400,Richard,Tucker,204.13,Norway,Stracciatella,0,2,1,2467.0
401,Mario,Curtis,187.49,UK,Pistachio,0,2,1,5645.0
402,Adam,Morgan,176.57,UK,Chocolate,1,1,0,7533.0
403,Isabella,Martinez,182.35,Finland,Pistachio,1,4,0,16341.0
404,Gordon,Zuniga,162.01,China,Mint,1,8,0,19044.0
405,Craig,Bradley,182.0,China,Pistachio,0,0,0,17947.0
406,Felicia,Olson,180.56,Norway,Chocolate,1,2,1,8019.0
407,Anita,Howell,166.64,Finland,Stracciatella,1,3,1,17894.0
408,Dana,Cooper,195.6,Brazil,Strawberry,0,0,0,18745.0
409,Chad,Bush,156.34,USA,Pistachio,0,4,0,9474.0
410,Hailey,Chavez,176.22,Japan,Chocolate,0,0,0,14986.0
411,Xavier,Ibarra,197.98,France,Stracciatella,0,2,0,7613.0
412,Jacqueline,Mercado,188.81,Sweden,Pistachio,1,2,0,9837.0
413,Louis,Gray,179.1,USA,Stracciatella,0,1,0,5764.0
414,Crystal,Mora,184.84,Australia,Mint,1,0,0,18239.0
415,Patrick,Murray,157.66,Germany,Pistachio,0,1,0,12295.0
416,Tonya,Vasquez,170.78,Finland,Pistachio,1,2,0,17136.0
417,Maria,Malone,151.52,Finland,Pistachio,1,4,0,14080.0
418,Selena,Wagner,150.56,USA,Pistachio,1,3,1,6346.0
419,Kathleen,King,181.89,Australia,Chocolate,0,1,1,13955.0
420,Barbara,Baldwin,183.49,USA,Chocolate,0,0,1,1195.0
421,Molly,Winters,201.09,Brazil,Strawberry,0,0,0,5520.0
422,Heidi,Wyatt,162.59,Finland,Stracciatella,1,3,0,10434.0
423,Sheri,Prince,185.16,USA,Stracciatella,0,4,0,7136.0
424,Hailey,Cortez,193.08,Canada,Stracciatella,0,0,1,14792.0
425,Ian,Hunter,148.74,Italy,Pistachio,0,0,1,14104.0
426,Heidi,Jordan,187.83,Brazil,Vanilla,0,0,1,8784.0
427,Paul,Brooks,155.63,Brazil,Stracciatella,1,1,0,6874.0
428,Ronald,Baker,167.96,Norway,Chocolate,1,1,1,5566.0
429,Noah,Frye,147.66,Denmark,Vanilla,1,3,0,15955.0
430,Harry,Wang,179.56,Norway,Chocolate,1,0,1,11509.0
431,Noah,Coleman,137.04,China,Stracciatella,0,1,1,5019.0
432,Bryan,Burke,158.28,Brazil,Chocolate,0,1,0,9698.0
433,Bonnie,Ware,160.43,Italy,Chocolate,0,5,0,3333.0
434,Seth,Benjamin,184.41,Denmark,Chocolate,1,0,1,8104.0
435,Candice,Hernandez,177.12,China,Strawberry,1,0,0,9443.0
436,Donald,Marquez,167.62,Italy,Chocolate,0,1,0,8799.0
437,Jesse,Avila,154.21,Brazil,Vanilla,1,6,0,18357.0
438,Jeremiah,Wilkins,205.31,China,Pistachio,0,0,0,13923.0
439,Robin,Bridges,162.8,Germany,Pistachio,0,2,1,13670.0
440,Tanya,Buckley,156.84,China,Stracciatella,0,0,0,19038.0
441,Brittany,Russell,134.41,Denmark,Vanilla,1,3,0,18075.0
442,Yvonne,Thomas,198.77,Italy,Chocolate,1,3,0,10979.0
443,Manuel,Luna,173.01,Finland,Chocolate,1,3,0,4087.0
444,Jerry,Figueroa,138.54,Germany,Strawberry,0,1,0,10327.0
445,Cassie,Nguyen,158.78,USA,Vanilla,0,0,0,7312.0
446,Barbara,Leon,161.19,Norway,Vanilla,1,6,0,8305.0
447,Jeffrey,Odonnell,195.94,Norway,Stracciatella,1,5,0,7136.0
448,Alison,Burke,200.69,China,Stracciatella,0,0,0,4336.0
449,Travis,Krause,148.31,USA,Chocolate,0,5,0,7863.0
450,Gordon,Mora,180.2,Japan,Strawberry,0,0,0,16196.0
451,Kellie,Day,203.2,Denmark,Strawberry,0,6,0,12422.0
452,Kiara,Ali,176.4,Finland,Pistachio,1,4,1,7111.0
453,Nicholas,Hammond,146.64,Canada,Chocolate,0,0,1,7279.0
454,Dakota,Shaw,156.91,Denmark,Pistachio,1,3,0,7093.0
455,Sheila,Rodriguez,189.2,Denmark,Mint,1,1,1,1611.0
456,Lynn,Berger,151.94,Sweden,Chocolate,1,3,0,16740.0
457,Teresa,Mahoney,145.03,Italy,Pistachio,0,1,0,16922.0
458,Judy,Huber,201.59,Sweden,Stracciatella,1,1,0,7996.0
459,Tim,Matthews,159.6,Denmark,Pistachio,1,0,0,12853.0
460,Nicole,Blankenship,187.68,Norway,Pistachio,1,1,0,6197.0
461,Beth,Craig,176.84,Norway,Stracciatella,1,1,1,11713.0
462,Lucas,Bell,179.37,China,Stracciatella,0,1,0,16519.0
463,Kevin,Franklin,150.81,Denmark,Stracciatella,1,2,0,15191.0
464,Raven,Cole,187.38,Australia,Vanilla,0,0,1,14383.0
465,William,Stewart,188.7,Sweden,Chocolate,1,1,0,11262.0
466,Regina,Gordon,202.76,Finland,Stracciatella,1,2,1,8708.0
467,Molly,Meza,140.01,Sweden,Strawberry,0,2,0,18981.0
468,Kristie,Fuller,197.53,France,Vanilla,1,1,1,8013.0
469,Benjamin,Frederick,133.92,Japan,Mint,0,2,1,10418.0
470,Breanna,Jimenez,173.65,UK,Strawberry,0,4,1,9375.0
471,Xavier,Logan,153.34,UK,Chocolate,0,7,1,11273.0
472,Samuel,Booker,160.86,Germany,Pistachio,0,2,0,7320.0
473,Alec,Hurst,150.66,China,Stracciatella,0,0,0,12725.0
474,Frances,Schmitt,191.98,China,Stracciatella,0,1,0,16786.0
475,William,Christian,192.08,USA,Mint,0,7,0,17625.0
476,Erika,Bush,191.56,USA,Vanilla,0,0,0,10566.0
477,Kimberly,Craig,153.99,Denmark,Stracciatella,1,0,1,12095.0
478,Misty,Acosta,206.24,UK,Strawberry,0,4,0,3643.0
479,Dakota,Zhang,137.83,Finland,Vanilla,1,3,0,11856.0
480,Scott,Gill,199.71,China,Chocolate,0,0,0,2638.0
481,Emily,Pennington,201.94,China,Chocolate,0,0,1,8219.0
482,Renee,Henry,150.17,Australia,Vanilla,0,9,1,10243.0
483,Cody,Diaz,141.86,Canada,Vanilla,0,0,1,10355.0
484,Carl,Gutierrez,183.4,Denmark,Pistachio,0,2,0,16706.0
485,Luke,Mora,157.34,Australia,Stracciatella,0,1,1,10307.0
486,Kristie,Benson,149.78,China,Strawberry,1,1,0,4810.0
487,Nathan,Macdonald,154.95,France,Mint,0,2,1,17130.0
488,Allen,Nunez,142.17,Finland,Vanilla,1,0,0,9147.0
489,Bryan,Hammond,160.58,Finland,Strawberry,1,2,0,3626.0
490,Collin,Ruiz,151.62,Denmark,Pistachio,1,3,1,11829.0
491,Dwayne,Gutierrez,173.23,Australia,Vanilla,0,1,0,16459.0
492,Perry,Schmidt,170.1,Brazil,Chocolate,0,0,1,5195.0
493,Miranda,Copeland,162.43,Brazil,Stracciatella,0,1,0,4702.0
494,Jeffrey,Wang,192.06,Norway,Strawberry,1,2,0,3121.0
495,Mckenzie,Haley,189.97,Australia,Stracciatella,1,1,1,15353.0
496,Ruth,Hoover,180.57,Norway,Strawberry,1,1,1,7625.0
497,Dustin,Smith,207.67,Brazil,Mint,0,1,1,18583.0
498,Katelyn,Villarreal,206.34,Brazil,Vanilla,0,0,0,2833.0
499,Jack,Coleman,172.11,Japan,Pistachio,1,0,1,12500.0
500,Amanda,Morrow,184.56,Italy,Vanilla,1,3,0,8498.0
501,Brandon,Vincent,160.67,Italy,Chocolate,0,2,0,1110.0
502,Jillian,Yates,137.28,Germany,Mint,0,2,0,8277.0
503,Doris,Zhang,197.96,UK,Chocolate,0,1,1,2194.0
504,Judy,Hodges,172.51,USA,Stracciatella,0,2,0,5831.0
505,Alexa,Wheeler,181.8,Germany,Stracciatella,0,1,0,11979.0
506,Jackie,Johns,202.11,Germany,Strawberry,0,3,1,16611.0
507,Brooke,Myers,181.68,Norway,Strawberry,0,2,0,6084.0
508,Colleen,Colon,172.16,China,Mint,0,3,0,14934.0
509,Caleb,Hancock,174.89,Denmark,Strawberry,1,0,0,9485.0
510,Luke,Rivera,166.09,USA,Chocolate,0,0,0,13528.0
511,Carrie,Costa,153.65,Norway,Mint,1,3,1,7206.0
512,Jake,Schmitt,141.6,China,Mint,0,1,0,10295.0
513,Audrey,Olson,176.79,Finland,Chocolate,1,0,0,8152.0
514,Gina,Zamora,163.8,Norway,Stracciatella,0,3,0,16752.0
515,Kristina,Kramer,183.41,Brazil,Chocolate,0,0,0,3075.0
516,Shawna,Oneal,162.61,Canada,Pistachio,0,8,1,10094.0
517,Kevin,Hale,153.15,Sweden,Pistachio,0,2,0,18547.0
518,Erin,Ball,197.65,Germany,Pistachio,1,3,1,18025.0
519,Larry,Baker,174.4,Canada,Chocolate,0,0,0,5692.0
520,Hannah,Kelly,154.32,Norway,Vanilla,1,3,0,17081.0
521,Jenny,King,142.96,Brazil,Strawberry,1,0,0,16668.0
522,Sara,Morris,141.94,UK,Pistachio,0,6,0,2131.0
523,Dominique,Hoover,182.94,Canada,Vanilla,1,2,1,11204.0
524,Melanie,Luna,134.97,China,Chocolate,1,6,0,9361.0
525,Edward,Hendricks,165.99,Australia,Chocolate,0,0,1,15608.0
526,Heidi,Hebert,151.69,Australia,Chocolate,0,1,1,8122.0
527,Stephanie,Hamilton,175.96,China,Mint,0,0,0,11118.0
528,Meghan,Walker,192.08,Italy,Mint,0,2,0,10857.0
529,Tiffany,Anthony,157.28,Denmark,Chocolate,0,1,1,2511.0
530,Emily,Gomez,175.43,Italy,Pistachio,0,1,0,8952.0
531,Lindsey,Crawford,170.94,Germany,Strawberry,0,2,0,5330.0
532,Brandon,Solomon,144.82,USA,Pistachio,0,0,0,7896.0
533,Claudia,Frederick,207.57,Australia,Pistachio,0,1,1,15166.0
534,Andrew,Beck,164.32,Denmark,Strawberry,0,2,1,11526.0
535,Sonya,Church,156.54,Finland,Strawberry,1,1,0,12278.0
536,Savannah,Wise,194.21,China,Mint,0,0,0,5158.0
537,Mike,Maldonado,137.52,Japan,Strawberry,0,1,0,8557.0
538,Nina,Young,192.76,Sweden,Strawberry,1,3,1,9899.0
539,Madison,Peterson,178.63,Canada,Vanilla,0,0,0,17523.0
540,Wendy,Valencia,171.28,Norway,Strawberry,1,4,0,9832.0
541,Angela,Armstrong,135.06,UK,Vanilla,0,0,0,5965.0
542,Sheri,George,182.54,Denmark,Pistachio,1,1,0,10575.0
543,Alison,Cervantes,154.69,Japan,Mint,0,0,0,17764.0
544,Bradley,Campbell,167.31,USA,Chocolate,1,6,0,3575.0
545,Charles,Carter,158.65,Sweden,Chocolate,1,0,0,11039.0
546,Douglas,Byrd,166.79,Italy,Pistachio,0,2,1,18517.0
547,Paul,Keller,177.99,UK,Stracciatella,0,2,1,2105.0
548,Jessica,Arnold,183.93,Denmark,Stracciatella,0,3,0,18578.0
549,Kristy,Jimenez,194.16,Australia,Pistachio,0,1,1,7035.0
550,Lorraine,Olson,158.73,Denmark,Pistachio,0,3,0,14598.0
551,Sonya,Carr,138.89,USA,Vanilla,0,0,0,14161.0
552,Brittney,Sims,143.53,Norway,Strawberry,0,3,1,16132.0
553,Isabella,Robertson,158.88,Australia,Strawberry,1,0,1,9433.0
554,Maria,Aguilar,135.76,Brazil,Chocolate,1,1,0,13903.0
555,Martin,Pacheco,170.78,France,Stracciatella,0,2,0,14384.0
556,Lindsay,Young,187.58,Denmark,Vanilla,1,1,1,10838.0
557,Hunter,Young,134.63,Norway,Stracciatella,1,5,0,19043.0
558,George,Mahoney,171.9,China,Strawberry,1,8,1,5798.0
559,Linda,Guzman,180.64,Denmark,Stracciatella,1,1,0,11287.0
560,Gregory,Harris,157.68,China,Chocolate,0,0,0,4376.0
561,George,Oconnor,187.09,Japan,Chocolate,0,1,0,13023.0
562,Carolyn,Buckley,169.97,Brazil,Mint,1,4,0,7561.0
563,Mark,Stokes,197.79,Sweden,Mint,1,3,0,10391.0
564,Claudia,Coleman,188.54,Brazil,Chocolate,1,0,0,6714.0
565,Melissa,Tran,140.4,Australia,Mint,0,0,1,12267.0
566,Audrey,Livingston,161.62,Norway,Vanilla,0,9,0,19058.0
567,Garrett,Nichols,187.05,Norway,Stracciatella,1,3,0,7973.0
568,Natalie,Ford,146.73,Denmark,Strawberry,1,1,0,1777.0
569,Peter,Trevino,170.96,Norway,Stracciatella,0,2,0,10493.0
570,Mitchell,Phillips,151.0,China,Chocolate,1,0,0,8582.0
571,Morgan,Chen,175.18,UK,Stracciatella,0,0,1,17446.0
572,Patrick,Mccall,160.6,Brazil,Vanilla,0,0,0,6430.0
573,Shelley,Riley,156.49,Denmark,Mint,1,1,1,11736.0
574,Ronnie,Evans,150.72,Sweden,Pistachio,1,2,1,13038.0
575,Stephanie,Anderson,158.95,Canada,Chocolate,0,0,0,2213.0
576,Kiara,Simon,153.73,China,Pistachio,0,1,1,15240.0
577,Martin,Long,163.83,China,Strawberry,1,8,1,9580.0
578,Gregory,Jordan,154.71,Japan,Vanilla,0,1,0,8873.0
579,Jenna,Lewis,160.8,France,Vanilla,0,0,0,2377.0
580,Shannon,Short,143.79,Sweden,Mint,0,2,1,10214.0
581,Beverly,Hawkins,180.9,Denmark,Strawberry,1,1,0,2919.0
582,Kristen,Hayes,175.84,China,Pistachio,0,3,0,13854.0
583,Javier,Mendez,155.6,Brazil,Strawberry,0,1,0,16055.0
584,Meghan,George,158.01,Finland,Vanilla,1,2,1,8102.0
585,Brandi,Church,149.04,Norway,Stracciatella,1,0,0,10790.0
586,Hannah,Anthony,173.07,Norway,Chocolate,0,2,1,18962.0
587,Bobby,Bond,175.12,Canada,Chocolate,0,1,1,4415.0
588,Raven,Lawson,170.84,France,Stracciatella,0,1,0,8112.0
589,Eugene,Perry,201.06,China,Strawberry,1,9,1,11300.0
590,Cheryl,Barron,183.51,Canada,Strawberry,0,0,0,3288.0
591,Dennis,Larson,162.96,Finland,Chocolate,0,1,0,10056.0
592,Cassie,Fuller,184.58,Canada,Pistachio,0,0,0,11962.0
593,Cody,Manning,150.28,USA,Pistachio,0,1,0,10215.0
594,Donna,Hansen,139.5,Canada,Mint,0,0,1,1887.0
595,Kara,Carpenter,145.2,China,Chocolate,1,0,1,7379.0
596,Peter,James,155.07,UK,Vanilla,0,3,1,4661.0
597,Kylie,Petersen,202.94,Canada,Strawberry,0,0,0,4989.0
598,Monica,Bell,168.87,Norway,Strawberry,1,2,0,1570.0
599,Jenny,Phillips,202.03,Canada,Vanilla,0,0,0,7824.0
600,Morgan,Boone,197.6,Norway,Strawberry,0,7,0,13764.0
601,Eugene,Neal,198.04,Japan,Chocolate,0,1,0,8069.0
602,Judy,Harper,170.82,Norway,Chocolate,1,0,0,2697.0
603,Andrew,Poole,177.28,France,Chocolate,1,2,0,7730.0
604,Eugene,Walters,179.55,Denmark,Chocolate,1,3,0,10166.0
605,Tamara,Braun,167.47,Denmark,Chocolate,1,0,1,3666.0
606,Luis,Rice,195.79,France,Chocolate,0,4,0,12850.0
607,Margaret,Roberson,184.2,Norway,Chocolate,1,2,0,13502.0
608,Katie,Wall,151.01,Brazil,Vanilla,0,0,0,3628.0
609,Lonnie,Reyes,195.69,France,Strawberry,0,2,0,12261.0
610,Bridget,Duran,181.43,Finland,Chocolate,1,6,1,10872.0
611,Hannah,Crane,192.14,Japan,Stracciatella,0,7,0,14456.0
612,Debbie,Gonzalez,186.4,Brazil,Vanilla,0,1,0,15915.0
613,Michael,Frye,184.9,USA,Mint,1,1,0,12888.0
614,Debbie,Hancock,194.44,Japan,Mint,0,0,0,17857.0
615,Natasha,Meyer,171.35,Brazil,Chocolate,0,1,0,18586.0
616,Casey,Sampson,151.83,Denmark,Chocolate,1,3,0,15541.0
617,Ashlee,Mcknight,151.19,Australia,Chocolate,0,0,1,7470.0
618,Kari,Rios,187.19,Finland,Vanilla,1,3,1,12148.0
619,Claudia,Wagner,203.76,Australia,Chocolate,0,0,1,12286.0
620,Craig,Parker,159.59,Japan,Chocolate,0,0,1,7147.0
621,Gregory,Wall,180.54,Norway,Strawberry,1,4,0,14836.0
622,Randall,Underwood,170.81,Finland,Stracciatella,1,1,0,10467.0
623,Roger,West,165.76,Germany,Mint,0,1,0,13937.0
624,Michael,Pugh,164.32,France,Stracciatella,1,2,0,4253.0
625,David,Marks,188.34,USA,Vanilla,0,0,0,11240.0
626,Steven,Marshall,175.86,Sweden,Pistachio,1,4,0,16773.0
627,Kimberly,Griffith,200.89,Sweden,Stracciatella,1,2,0,11189.0
628,Tamara,Barron,149.54,Canada,Stracciatella,0,2,0,2642.0
629,Breanna,Saunders,195.29,Sweden,Mint,1,1,0,17930.0
630,Jillian,Dickson,148.92,Australia,Mint,0,1,1,10321.0
631,Kristopher,Melton,149.8,France,Mint,0,0,1,13037.0
632,Stacey,Barrera,165.52,Canada,Strawberry,0,0,0,1039.0
633,Ryan,Jacobson,199.03,Japan,Strawberry,0,1,0,6043.0
634,Charles,Morton,162.2,USA,Stracciatella,0,0,0,3840.0
635,Carrie,Small,167.62,Finland,Pistachio,1,3,0,4963.0
636,Melissa,Wall,201.45,Australia,Mint,1,5,1,8958.0
637,Tammy,Christian,184.58,Canada,Vanilla,0,0,0,8193.0
638,Jake,Dean,181.34,UK,Pistachio,0,2,1,5068.0
639,Angela,Morales,136.83,Australia,Strawberry,0,0,1,9653.0
640,Tamara,Warren,161.32,Finland,Pistachio,1,1,0,3115.0
641,Cassie,Lloyd,173.52,Canada,Pistachio,0,0,1,14656.0
642,Anita,Ford,165.73,Japan,Stracciatella,0,2,1,2834.0
643,Bridget,Maldonado,143.43,France,Chocolate,1,7,0,7310.0
644,Madison,Boone,181.47,China,Stracciatella,1,7,0,11577.0
645,Jacob,Lawson,193.05,Brazil,Strawberry,0,1,0,4840.0
646,Andrea,Daniel,152.4,China,Chocolate,0,0,0,7610.0
647,Nicholas,Macdonald,163.0,Canada,Stracciatella,0,0,0,17833.0
648,Kristie,Frey,190.82,USA,Strawberry,0,1,0,4570.0
649,Tammy,Price,171.98,UK,Stracciatella,0,4,1,2751.0
650,Gilbert,Black,147.05,Australia,Pistachio,0,0,1,6111.0
651,Jake,Bishop,167.56,UK,Strawberry,0,2,0,1815.0
652,Tiffany,Peterson,138.11,Norway,Mint,1,4,0,17058.0
653,Todd,Ingram,192.7,France,Strawberry,1,2,1,10852.0
654,Wesley,Berry,142.64,Canada,Stracciatella,0,1,1,12939.0
655,Rachael,James,148.57,UK,Vanilla,0,3,1,14850.0
656,Johnathan,Nichols,183.97,Finland,Vanilla,0,0,0,5209.0
657,Sherry,Stone,148.16,Italy,Mint,0,5,0,14863.0
658,Rebecca,Leon,173.98,Denmark,Chocolate,1,3,0,9189.0
659,Courtney,Williams,137.47,Japan,Vanilla,1,5,0,17999.0
660,Deanna,Gibbs,191.41,Germany,Vanilla,1,1,0,16521.0
661,Carolyn,Lawson,172.49,Germany,Mint,0,1,0,17411.0
662,Ethan,Moyer,140.32,Denmark,Pistachio,1,3,0,16249.0
663,Vernon,Rice,190.32,Italy,Strawberry,0,2,0,6292.0
664,Jackie,Krause,203.56,Sweden,Vanilla,1,2,0,16793.0
665,Desiree,Irwin,206.68,Germany,Chocolate,1,4,0,5217.0
666,Rebecca,Cox,141.04,USA,Vanilla,0,0,0,1156.0
667,Donna,Anderson,151.25,UK,Pistachio,1,3,1,16776.0
668,Candice,Park,189.39,Norway,Strawberry,1,3,0,12676.0
669,Jenny,Saunders,141.75,Australia,Strawberry,0,3,0,3015.0
670,Bob,Morales,159.45,Sweden,Pistachio,1,2,0,4313.0
671,Matthew,Marsh,151.65,Australia,Pistachio,0,9,1,11755.0
672,Eric,Murray,186.78,Norway,Pistachio,1,3,0,14072.0
673,Danny,Haley,152.84,Brazil,Vanilla,0,1,1,6765.0
674,Johnny,Valencia,193.49,Germany,Vanilla,0,2,1,13733.0
675,Beverly,Prince,170.47,UK,Strawberry,0,4,1,9997.0
676,Austin,Powell,187.74,Brazil,Stracciatella,0,0,1,13530.0
677,Eugene,Larsen,144.53,Australia,Chocolate,1,1,0,14640.0
678,Robin,Owens,186.13,Denmark,Vanilla,0,3,1,10962.0
679,Christina,Berry,164.8,Canada,Vanilla,0,1,0,11820.0
680,Andrea,Barnett,192.37,UK,Pistachio,0,0,1,10014.0
681,Lawrence,Hines,166.36,Finland,Mint,0,1,1,3048.0
682,Miranda,Dawson,206.92,UK,Stracciatella,0,7,1,15272.0
683,Sean,Hubbard,137.2,France,Vanilla,0,2,1,3013.0
684,Paula,Harrison,152.94,Germany,Pistachio,0,3,0,14884.0
685,Jeremy,Leblanc,175.49,USA,Stracciatella,0,0,1,7131.0
686,Leonard,Morrow,184.62,UK,Strawberry,0,1,1,12747.0
687,Kendra,Hancock,148.18,China,Pistachio,0,0,0,8960.0
688,Joshua,Frank,136.98,Italy,Mint,0,5,1,13548.0
689,Holly,Durham,161.47,Finland,Vanilla,1,6,1,1553.0
690,Carla,Holmes,142.21,Sweden,Chocolate,1,1,0,10577.0
691,Hannah,Manning,148.18,Australia,Mint,1,5,0,6460.0
692,Karina,Nunez,173.61,Norway,Vanilla,1,0,0,16564.0
693,Jessica,Madden,193.3,Australia,Stracciatella,1,0,0,6523.0
694,Jared,Keller,142.74,Sweden,Strawberry,1,9,0,9509.0
695,David,Clements,188.02,Italy,Mint,0,1,0,13919.0
696,Ryan,Robinson,189.31,Brazil,Mint,0,8,0,17778.0
697,Ronnie,Holt,181.31,Sweden,Pistachio,1,5,0,10664.0
698,Jay,Kirk,190.38,Germany,Vanilla,0,2,0,16538.0
699,Anne,Arnold,183.18,Sweden,Vanilla,1,1,0,5273.0
700,Sherry,Spencer,145.7,Sweden,Stracciatella,1,3,0,2117.0
701,Misty,Riley,206.55,UK,Pistachio,0,0,1,2165.0
702,Caleb,Malone,206.93,UK,Vanilla,1,6,1,18015.0
703,Michelle,Baldwin,137.05,France,Chocolate,0,2,0,5553.0
704,Anthony,Lawson,161.45,UK,Vanilla,0,2,1,7290.0
705,Charles,Hall,185.5,UK,Mint,0,7,1,11451.0
706,Breanna,Rivera,190.29,USA,Stracciatella,0,0,0,6333.0
707,Jamie,Bennett,135.15,Brazil,Strawberry,1,6,1,10902.0
708,Benjamin,Jimenez,205.42,Italy,Stracciatella,1,2,0,8153.0
709,Anita,Dickson,169.03,Canada,Vanilla,0,0,1,5267.0
710,Kathleen,Wang,147.43,Brazil,Vanilla,0,0,0,3552.0
711,Jamie,Burke,154.35,Japan,Mint,0,0,0,12813.0
712,Christine,Barton,193.72,Canada,Strawberry,0,1,0,6817.0
713,Kara,Atkinson,161.0,Italy,Vanilla,0,1,1,6180.0
714,Kristy,Malone,191.62,Brazil,Stracciatella,1,0,0,10393.0
715,Lindsay,Browning,140.18,China,Pistachio,0,0,0,10272.0
716,Johnathan,Kelly,159.66,China,Vanilla,0,0,1,9121.0
717,Amy,Lowery,147.39,USA,Strawberry,0,0,0,14446.0
718,Todd,Benjamin,160.0,Denmark,Mint,1,2,1,17215.0
719,Kimberly,Kennedy,166.15,Brazil,Chocolate,0,0,0,5453.0
720,Terri,Gaines,187.02,Japan,Stracciatella,0,0,1,10758.0
721,Lauren,Green,193.05,USA,Vanilla,0,1,0,8104.0
722,Miguel,Davidson,146.08,Germany,Mint,0,2,0,3486.0
723,Matthew,Ryan,178.96,Brazil,Strawberry,1,0,0,10656.0
724,Christy,Palmer,201.6,UK,Vanilla,0,2,1,13565.0
725,Lindsay,Beck,190.55,China,Strawberry,1,1,0,11265.0
726,Jamie,Nielsen,194.6,Norway,Mint,1,2,0,6943.0
727,Russell,Clarke,140.21,Australia,Vanilla,0,9,1,8784.0
728,Savannah,Weber,189.95,China,Mint,0,2,1,14541.0
729,Shawna,Yates,201.21,Norway,Chocolate,1,3,0,3086.0
730,Peggy,Wu,204.19,France,Pistachio,0,3,0,6341.0
731,Stacey,Khan,152.97,Finland,Vanilla,1,2,0,10754.0
732,Juan,Holt,171.9,Brazil,Stracciatella,0,0,1,18663.0
733,Hector,Hill,184.81,Italy,Pistachio,0,0,0,7536.0
734,Michele,Gomez,159.15,Sweden,Strawberry,1,1,0,14038.0
735,Eugene,Poole,201.39,USA,Pistachio,1,6,0,1853.0
736,Jason,Maldonado,202.19,Brazil,Stracciatella,0,0,0,4270.0
737,Michelle,Edwards,201.22,Sweden,Stracciatella,1,2,1,1129.0
738,Roger,Moon,144.36,Japan,Strawberry,0,0,0,7752.0
739,Zachary,Hart,142.65,Denmark,Pistachio,0,6,0,15382.0
740,Timothy,Yoder,197.83,Japan,Strawberry,0,2,1,14054.0
741,Jose,Gordon,179.73,USA,Strawberry,0,1,0,6670.0
742,Ryan,Bridges,155.61,Norway,Pistachio,1,0,0,2821.0
743,Andrew,Bradshaw,163.65,Australia,Pistachio,0,1,1,3475.0
744,Olivia,Mcdaniel,204.76,China,Pistachio,0,0,1,2434.0
745,Audrey,Jenkins,169.83,Japan,Mint,1,0,0,4622.0
746,Harry,Bowers,145.68,Canada,Pistachio,0,1,0,3157.0
747,Kathryn,Solomon,168.12,Norway,Chocolate,1,1,1,3948.0
748,Shawn,Dudley,202.15,Germany,Strawberry,0,0,0,16765.0
749,Ian,Clarke,193.28,Australia,Mint,0,9,1,17346.0
750,Dwayne,Weaver,162.07,Norway,Mint,1,3,0,10138.0
751,Tracy,Cervantes,196.1,Norway,Strawberry,1,3,0,18532.0
752,Kimberly,Petersen,197.96,Germany,Pistachio,0,2,0,9659.0
753,Ian,Kennedy,154.38,UK,Vanilla,0,3,1,10728.0
754,Karina,Pugh,149.79,China,Strawberry,0,1,1,5399.0
755,Dennis,Rich,157.81,USA,Stracciatella,0,9,0,14521.0
756,Desiree,Tate,172.82,Brazil,Strawberry,0,1,0,17006.0
757,Brittney,Shea,160.64,Denmark,Chocolate,1,0,0,17257.0
758,Kylie,Griffith,200.84,China,Vanilla,1,0,0,7808.0
759,Tanya,Lambert,157.01,Japan,Vanilla,0,1,0,1152.0
760,Marilyn,Yates,163.29,UK,Strawberry,0,2,1,9221.0
761,Antonio,Mcintosh,182.17,Japan,Stracciatella,0,2,0,1865.0
762,Carrie,Guzman,153.23,Germany,Vanilla,0,1,0,11268.0
763,Willie,Watkins,196.52,Japan,Stracciatella,1,4,1,5994.0
764,Raymond,Mckenzie,181.14,Germany,Chocolate,1,1,0,18241.0
765,Caleb,Mckay,179.52,France,Pistachio,0,2,0,5267.0
766,Paige,Wells,141.77,Japan,Strawberry,0,0,0,10613.0
767,Taylor,Jimenez,170.66,Canada,Vanilla,1,8,0,16879.0
768,Harry,Hogan,200.44,Finland,Pistachio,1,2,1,19017.0
769,Michelle,Bennett,158.23,Denmark,Vanilla,1,2,1,1080.0
770,Krista,Ruiz,169.15,China,Pistachio,1,3,1,17144.0
771,Erik,Carrillo,204.38,USA,Vanilla,0,2,0,10108.0
772,Paul,Smith,143.6,Australia,Vanilla,1,0,0,7441.0
773,Darrell,Wood,165.35,Brazil,Vanilla,0,0,1,17775.0
774,Angelica,Knight,179.94,Sweden,Stracciatella,1,9,0,3714.0
775,Cynthia,Ingram,161.87,Brazil,Vanilla,0,1,1,14120.0
776,Lawrence,Murray,199.51,Sweden,Vanilla,1,4,1,18640.0
777,Richard,Mays,168.49,Brazil,Stracciatella,0,0,0,15181.0
778,Gene,Herman,202.48,Italy,Pistachio,0,5,1,5426.0
779,Melanie,Boone,150.8,Denmark,Vanilla,0,8,1,4025.0
780,Krista,Clements,191.3,Norway,Pistachio,1,3,0,5057.0
781,Allen,Benton,169.16,Japan,Strawberry,0,2,0,3394.0
782,Nina,Moran,176.95,Brazil,Stracciatella,0,1,0,3402.0
783,Deanna,Cervantes,172.27,France,Pistachio,0,1,1,6055.0
784,Mike,Lowe,135.25,Brazil,Strawberry,0,0,0,9380.0
785,Janet,Ponce,151.56,Brazil,Vanilla,1,8,1,3350.0
786,Ray,Tucker,170.94,Norway,Stracciatella,0,2,0,10298.0
787,Brenda,Burke,170.73,Finland,Vanilla,0,1,0,7488.0
788,Christian,Graham,152.49,Norway,Pistachio,0,9,1,5413.0
789,Lindsey,Holland,156.68,Sweden,Strawberry,1,1,1,8750.0
790,Lawrence,Gibson,201.06,Canada,Vanilla,0,0,0,7482.0
791,Gene,Rubio,138.17,USA,Mint,0,0,0,13418.0
792,Harry,Lang,197.51,Brazil,Pistachio,0,1,0,11890.0
793,Nicholas,Braun,171.18,Finland,Pistachio,0,4,0,11551.0
794,Ray,Cervantes,135.21,Sweden,Vanilla,1,1,0,5362.0
795,Darrell,Thompson,203.81,Japan,Stracciatella,0,1,0,16392.0
796,Lauren,Deleon,173.17,Denmark,Strawberry,0,2,1,17436.0
797,Lindsey,Erickson,182.1,Italy,Stracciatella,0,3,0,12473.0
798,Xavier,Curtis,163.96,Italy,Mint,0,2,1,13322.0
799,Melissa,Burgess,201.2,Japan,Stracciatella,1,4,0,10648.0
800,Natasha,Villanueva,178.59,Australia,Mint,0,0,0,12808.0
801,Jeremiah,Sparks,171.45,Japan,Vanilla,0,2,1,1158.0
802,Samantha,Gray,181.93,Norway,Pistachio,1,2,0,2761.0
803,Cristian,Livingston,134.13,Japan,Strawberry,0,2,1,6022.0
804,Jennifer,Jennings,186.52,Brazil,Vanilla,0,1,0,7314.0
805,Russell,Bennett,144.18,Australia,Pistachio,0,1,0,13645.0
806,Terrence,Cooke,197.11,Brazil,Chocolate,0,1,0,1439.0
807,James,Holder,163.93,Australia,Chocolate,1,0,1,17606.0
808,Henry,Hansen,165.15,Australia,Mint,0,0,1,11550.0
809,Kristi,Hoover,179.86,China,Mint,0,5,0,18928.0
810,Leonard,Mcmahon,156.7,UK,Strawberry,0,3,0,12199.0
811,Jordan,Hardin,146.28,Italy,Chocolate,0,0,1,6734.0
812,George,Gray,149.03,China,Strawberry,1,7,0,4855.0
813,Felicia,Russell,142.45,Sweden,Stracciatella,1,1,1,1922.0
814,Kim,Sims,135.32,UK,Stracciatella,1,0,1,12741.0
815,Brittney,Aguilar,188.02,Canada,Chocolate,0,0,0,16620.0
816,Rebecca,Joseph,177.66,UK,Stracciatella,0,3,1,9804.0
817,Terri,Patton,140.83,USA,Stracciatella,0,1,0,2350.0
818,Maurice,Wise,153.98,France,Stracciatella,1,3,0,9163.0
819,Kristen,Underwood,182.8,Brazil,Mint,0,0,0,5992.0
820,Nancy,Franco,172.37,Denmark,Stracciatella,1,1,0,4425.0
821,Derrick,Jennings,178.06,Germany,Pistachio,0,0,0,9454.0
822,Craig,Curtis,179.56,Australia,Mint,0,1,1,6119.0
823,Luke,Griffith,163.49,Canada,Stracciatella,0,0,0,13963.0
824,Janet,Briggs,140.34,Australia,Mint,0,1,1,10032.0
825,Willie,Huynh,199.11,France,Stracciatella,0,2,0,17297.0
826,April,Ball,167.47,Sweden,Vanilla,1,1,0,3175.0
827,Rachel,Obrien,182.29,Norway,Stracciatella,1,3,0,8894.0
828,Whitney,Guzman,197.87,Germany,Mint,0,1,0,5094.0
829,Stacey,Mejia,191.19,France,Mint,0,1,0,17296.0
830,Morgan,Avery,197.31,China,Mint,0,0,0,5065.0
831,Raymond,Randall,176.56,Italy,Mint,0,2,1,9278.0
832,Mckenzie,Knight,180.54,Norway,Chocolate,0,9,1,6348.0
833,Gina,Morris,172.28,Japan,Vanilla,0,1,0,4493.0
834,Marisa,Gutierrez,185.45,Italy,Strawberry,1,1,0,13486.0
835,Theresa,Mahoney,168.99,China,Strawberry,0,3,1,5047.0
836,Barry,Dudley,197.51,USA,Chocolate,0,4,0,14719.0
837,Kevin,Jensen,200.46,Australia,Chocolate,1,1,0,9782.0
838,Katie,Manning,170.45,Australia,Pistachio,0,0,1,4893.0
839,Valerie,Gardner,151.38,UK,Vanilla,0,4,1,4968.0
840,Debbie,Williamson,157.56,Norway,Chocolate,1,3,0,3382.0
841,Leslie,Mcdonald,187.53,France,Strawberry,0,2,0,18513.0
842,Alex,Stanley,159.86,UK,Stracciatella,0,2,1,2059.0
843,Daniel,Conner,185.76,Sweden,Pistachio,1,0,0,10064.0
844,Kellie,Herring,190.69,USA,Strawberry,1,1,1,7708.0
845,Jacqueline,Ellis,160.74,France,Vanilla,0,1,1,8273.0
846,Ruth,Khan,170.93,Australia,Mint,0,1,0,14056.0
847,Louis,Bruce,138.88,Finland,Vanilla,1,2,0,14537.0
848,Deanna,Robertson,206.48,USA,Stracciatella,0,9,1,5278.0
849,Alejandra,Rangel,183.12,Australia,Chocolate,0,9,1,12368.0
850,Tamara,Braun,143.5,Norway,Mint,1,0,0,6316.0
851,Kendra,Holland,166.4,Denmark,Stracciatella,1,3,0,13791.0
852,Christopher,Mora,180.39,USA,Stracciatella,0,0,0,2253.0
853,Jimmy,Norton,181.89,UK,Stracciatella,1,6,1,13458.0
854,Ann,Larsen,162.21,UK,Pistachio,0,2,1,11529.0
855,Barry,Leonard,175.29,Australia,Vanilla,0,1,0,14412.0
856,Jacqueline,Barnes,139.95,UK,Chocolate,0,0,1,13750.0
857,Larry,Anthony,182.75,Japan,Pistachio,0,0,1,6064.0
858,Terri,Aguirre,157.17,Canada,Chocolate,0,0,0,13742.0
859,Madison,Benjamin,205.68,Australia,Strawberry,0,1,1,4222.0
860,Erica,Petersen,142.32,China,Mint,0,1,1,1793.0
861,Michael,Harper,188.24,Australia,Strawberry,0,0,1,17552.0
862,Erika,Johns,175.46,Germany,Stracciatella,0,0,0,8003.0
863,Casey,Burns,170.97,USA,Chocolate,0,0,0,9753.0
864,Hannah,Mercado,138.01,Japan,Mint,0,0,0,3375.0
865,Travis,Quinn,185.45,Canada,Stracciatella,0,0,0,17686.0
866,Dominique,Tran,206.5,Brazil,Mint,1,0,1,16865.0
867,Johnathan,Adams,183.92,UK,Vanilla,0,0,1,7076.0
868,Rachael,Mahoney,189.25,Norway,Vanilla,1,1,0,12230.0
869,Noah,Escobar,183.24,Norway,Stracciatella,1,1,0,5822.0
870,Mario,Heath,135.23,Sweden,Stracciatella,1,1,0,10539.0
871,Ethan,Hernandez,196.65,Canada,Chocolate,0,0,1,4899.0
872,Susan,Parker,199.34,France,Stracciatella,0,2,0,8024.0
873,Doris,Burke,163.81,Norway,Vanilla,1,1,0,4576.0
874,Erin,Richmond,190.03,France,Vanilla,0,4,0,16362.0
875,Rebekah,Jordan,157.91,UK,Stracciatella,1,4,1,17942.0
876,Matthew,Hicks,134.79,Norway,Vanilla,1,0,0,14734.0
877,Kathleen,Glenn,151.91,Germany,Chocolate,0,1,0,8829.0
878,Benjamin,Wyatt,187.13,China,Stracciatella,0,0,0,8375.0
879,Theodore,Brooks,181.88,Denmark,Mint,0,8,1,8552.0
880,Todd,Cruz,162.31,Sweden,Pistachio,1,9,1,2600.0
881,Sheila,White,142.68,Norway,Vanilla,1,1,0,6215.0
882,Erin,Livingston,161.38,Canada,Chocolate,0,0,1,14604.0
883,Jenna,Cherry,171.29,Japan,Pistachio,1,0,0,5439.0
884,Charlotte,Underwood,144.82,Germany,Pistachio,0,2,0,9502.0
885,Joshua,Byrd,137.82,Denmark,Strawberry,1,0,1,12737.0
886,Natasha,Briggs,144.59,UK,Pistachio,0,3,0,1530.0
887,Nathan,Massey,186.92,China,Chocolate,0,0,1,14126.0
888,Alexander,Howard,149.46,Japan,Stracciatella,0,1,0,12677.0
889,Nathan,Franklin,145.29,Denmark,Vanilla,0,1,0,2347.0
890,Nicholas,Molina,155.64,Sweden,Stracciatella,1,2,0,3599.0
891,Ronnie,Bowers,168.48,China,Strawberry,1,0,1,11726.0
892,Gilbert,Melton,181.48,Japan,Vanilla,1,0,0,4437.0
893,Sarah,Cox,160.73,Brazil,Vanilla,0,5,0,12564.0
894,Edward,Rivera,185.87,USA,Mint,0,9,1,13818.0
895,Phillip,Bradford,183.8,Finland,Vanilla,0,4,0,13561.0
896,Julia,Lee,190.83,Canada,Chocolate,0,0,1,7817.0
897,Austin,Bridges,156.46,France,Vanilla,0,6,1,9492.0
898,Debra,Rogers,186.03,Denmark,Stracciatella,1,1,0,4350.0
899,Kristi,Fisher,161.85,France,Stracciatella,1,2,0,15194.0
900,Jake,Livingston,195.5,Australia,Strawberry,0,0,0,7122.0
901,Martha,Carr,205.86,Japan,Vanilla,0,0,0,10357.0
902,Allen,Grant,170.34,Italy,Chocolate,0,1,1,10410.0
903,Breanna,Irwin,192.39,Sweden,Chocolate,1,5,0,5235.0
904,Alejandra,Randall,172.27,Italy,Stracciatella,0,2,1,6154.0
905,Morgan,Mendoza,171.74,Brazil,Pistachio,0,1,0,3709.0
906,Sheila,Benson,184.63,Denmark,Strawberry,1,2,1,16693.0
907,Jeffrey,Christian,171.1,France,Pistachio,0,4,0,10061.0
908,Tonya,Villa,159.75,USA,Pistachio,1,6,1,17190.0
909,Selena,Morse,143.17,Norway,Vanilla,1,1,1,2182.0
910,Annette,Leon,207.54,USA,Vanilla,0,0,0,11761.0
911,Kaitlyn,Ortiz,143.17,Japan,Vanilla,1,8,1,17066.0
912,Noah,Mcdaniel,140.95,China,Chocolate,0,0,1,2294.0
913,Carrie,Gaines,183.24,Germany,Pistachio,0,1,0,11707.0
914,Ray,Pugh,156.67,Japan,Pistachio,1,0,1,2313.0
915,Gilbert,Cherry,182.69,Norway,Chocolate,0,9,1,5364.0
916,Loretta,Solis,201.25,USA,Mint,0,1,0,2419.0
917,George,Duran,171.22,Finland,Strawberry,1,2,0,7093.0
918,Christian,Juarez,172.17,Brazil,Vanilla,0,3,0,3738.0
919,Misty,Matthews,186.78,UK,Vanilla,0,6,1,5601.0
920,David,Coleman,185.64,Norway,Mint,1,0,1,1501.0
921,Linda,Mora,200.25,Australia,Vanilla,0,1,1,5900.0
922,Karla,Porter,142.16,China,Strawberry,0,0,0,11523.0
923,Peter,Wall,172.21,Norway,Stracciatella,1,4,0,17839.0
924,Jenny,Knight,189.57,Brazil,Strawberry,0,0,0,6960.0
925,Andrea,Howard,151.64,Germany,Strawberry,0,3,1,16648.0
926,Ricky,Perry,159.31,Germany,Pistachio,0,2,0,11993.0
927,Richard,Vincent,149.29,Norway,Stracciatella,0,2,0,16032.0
928,Charlotte,Sharp,150.62,Canada,Chocolate,1,6,1,17960.0
929,Bryan,Vaughn,202.69,Italy,Chocolate,1,2,0,10163.0
930,Martin,Wilkins,138.96,Germany,Chocolate,0,2,0,4208.0
931,Garrett,Rogers,139.83,Japan,Mint,1,0,0,16384.0
932,Luis,Hudson,202.24,Brazil,Chocolate,0,0,1,5946.0
933,Renee,Cox,185.74,Denmark,Vanilla,1,1,1,14413.0
934,Joel,Valencia,166.57,Germany,Pistachio,0,1,0,12545.0
935,Taylor,Heath,199.36,USA,Pistachio,0,1,1,10708.0
936,Michele,Walters,170.11,France,Mint,1,1,1,10374.0
937,Charles,Jefferson,139.87,Norway,Stracciatella,0,9,1,2788.0
938,Kyle,Vaughn,157.35,USA,Vanilla,0,1,1,7027.0
939,Timothy,Smith,172.8,Canada,Strawberry,0,2,0,12708.0
940,Thomas,Mills,155.23,Norway,Stracciatella,1,5,1,11171.0
941,Loretta,Moore,158.67,Finland,Vanilla,1,3,0,12224.0
942,Gabriel,Paul,143.23,China,Strawberry,0,0,1,10108.0
943,Gloria,Heath,176.12,Australia,Chocolate,0,0,1,14256.0
944,Kathleen,Barnes,164.2,Germany,Vanilla,0,3,1,16552.0
945,Albert,Rowland,147.23,Australia,Chocolate,0,0,1,10419.0
946,Ian,Briggs,173.75,Norway,Pistachio,1,1,0,13069.0
947,Annette,Maddox,178.97,UK,Vanilla,0,9,1,6641.0
948,Jack,Barnett,163.19,UK,Chocolate,1,0,1,14262.0
949,Jacob,Adams,206.47,UK,Chocolate,0,3,1,14539.0
950,Erik,Barker,197.97,UK,Pistachio,0,3,1,4230.0
951,Beth,Dorsey,172.23,Sweden,Vanilla,1,3,1,15065.0
952,Jake,Vega,202.93,Sweden,Strawberry,1,1,1,11917.0
953,Shelia,Green,148.38,Denmark,Pistachio,1,0,0,10372.0
954,Bob,Frederick,203.67,Denmark,Chocolate,1,1,0,17226.0
955,Charles,Saunders,181.54,Sweden,Chocolate,1,1,0,10131.0
956,Larry,Greene,200.26,France,Vanilla,0,2,1,8219.0
957,Sandy,Mills,191.83,Germany,Pistachio,1,3,0,17653.0
958,Austin,Faulkner,139.04,Sweden,Chocolate,1,2,1,3810.0
959,Zoe,Irwin,200.09,France,Stracciatella,1,8,1,5430.0
960,Whitney,James,143.51,Sweden,Chocolate,1,1,0,14647.0
961,Vanessa,Garcia,199.98,France,Mint,0,1,1,12282.0
962,Jenna,Wang,206.5,Norway,Stracciatella,1,2,0,5084.0
963,Darlene,Cohen,174.76,France,Pistachio,0,3,0,1024.0
964,Danielle,Lawson,190.85,Australia,Vanilla,0,0,0,17121.0
965,Kaitlyn,Turner,153.83,Brazil,Pistachio,1,0,1,3345.0
966,Teresa,Bean,160.47,Denmark,Mint,1,0,1,4298.0
967,Ronald,Taylor,167.86,Japan,Mint,0,2,0,1055.0
968,Carla,Moyer,143.55,France,Chocolate,0,1,1,11292.0
969,Maurice,Cantu,144.87,USA,Vanilla,0,2,0,15600.0
970,Shelia,Soto,145.36,Brazil,Pistachio,1,0,1,17663.0
971,Taylor,Solomon,174.29,Canada,Strawberry,0,1,0,11548.0
972,Crystal,Cochran,172.43,Norway,Chocolate,1,1,0,15334.0
973,Janet,Ochoa,175.04,Norway,Stracciatella,0,2,0,6716.0
974,Luis,Fleming,184.58,UK,Stracciatella,0,2,1,12337.0
975,Jacqueline,Valdez,143.96,Australia,Strawberry,0,0,1,11877.0
976,Alejandra,Winters,145.06,USA,Vanilla,0,1,0,5082.0
977,Kathy,Peterson,142.4,China,Strawberry,0,0,1,4706.0
978,Cathy,Gould,160.64,Canada,Pistachio,0,0,0,9572.0
979,Alexis,Gould,179.52,Canada,Pistachio,1,0,0,8524.0
980,Katherine,Jackson,133.82,Denmark,Strawberry,1,3,0,10475.0
981,Chad,Key,138.58,Canada,Vanilla,1,8,0,17446.0
982,Chelsey,Morton,160.16,UK,Vanilla,0,1,0,7910.0
983,Andrew,Santiago,192.83,China,Vanilla,1,5,0,11744.0
984,Beth,Bowers,164.63,Japan,Stracciatella,0,0,0,9956.0
985,Jacqueline,Bradford,140.26,Finland,Strawberry,1,4,1,6571.0
986,Wanda,Ritter,201.09,Finland,Vanilla,1,5,1,5621.0
987,Francisco,Sullivan,197.59,UK,Strawberry,1,0,1,14527.0
988,Marcus,Rodriguez,193.56,France,Chocolate,0,4,0,13328.0
989,Yolanda,Burton,148.13,France,Strawberry,0,1,0,11231.0
990,Manuel,Valencia,168.62,China,Chocolate,0,1,0,16204.0
991,Nathaniel,Franklin,167.47,Denmark,Chocolate,1,2,0,4112.0
992,Nathaniel,Freeman,158.13,Denmark,Stracciatella,1,1,0,2942.0
993,Francisco,Logan,193.92,Germany,Chocolate,1,4,1,14920.0
994,Anthony,Silva,185.43,China,Pistachio,1,1,1,16515.0
995,Loretta,Daniel,166.9,Brazil,Strawberry,0,0,0,3863.0
996,Collin,Juarez,180.72,USA,Chocolate,0,5,0,14819.0
997,Lisa,Rosales,194.42,Australia,Mint,0,0,1,13519.0
998,Catherine,Bean,184.51,Norway,Strawberry,1,1,0,7526.0
999,Theodore,Rubio,199.18,China,Pistachio,1,0,0,5453.0
1000,Krista,Frazier,187.25,Denmark,Stracciatella,1,1,0,4590.0
1001,Jennifer,Larson,156.7,France,Vanilla,0,2,1,6726.0
1002,Cassie,Walker,149.01,Italy,Pistachio,0,2,0,2575.0
1003,Perry,King,186.13,Denmark,Stracciatella,0,8,1,13100.0
1004,Rebecca,Odonnell,206.08,UK,Chocolate,0,1,1,8308.0
1005,Colin,Moore,139.75,USA,Vanilla,0,0,0,5576.0
1006,Philip,Weaver,151.16,France,Strawberry,0,3,0,4854.0
1007,Jenna,Wagner,175.27,Sweden,Vanilla,1,2,1,12402.0
1008,Johnathan,Simon,175.62,USA,Mint,0,1,0,9675.0
1009,Mario,Gardner,158.64,Sweden,Strawberry,1,1,0,10755.0
1010,Colin,Gordon,189.12,USA,Mint,0,1,0,5758.0
1011,Mckenzie,Blankenship,154.67,Germany,Vanilla,0,2,0,2795.0
1012,Shannon,Murphy,201.41,France,Pistachio,1,2,0,10745.0
1013,Thomas,Shepard,169.26,Norway,Strawberry,0,9,0,4647.0
1014,Meghan,Zuniga,153.82,Germany,Strawberry,0,2,0,2975.0
1015,Tyler,Clarke,159.9,France,Mint,0,0,0,17787.0
1016,Melissa,Lee,141.94,China,Strawberry,0,1,0,10589.0
1017,Renee,Deleon,147.06,China,Mint,0,0,0,10389.0
1018,Margaret,Robinson,170.26,Australia,Chocolate,0,0,1,5768.0
1019,Gene,Gillespie,137.41,Italy,Strawberry,0,1,1,13202.0
1020,Heidi,Barnett,139.74,Norway,Vanilla,1,2,0,3515.0
1021,Christian,Cain,136.99,Canada,Pistachio,0,1,1,1818.0
1022,Nicole,White,170.4,Denmark,Strawberry,1,3,1,6169.0
1023,Matthew,Crawford,166.05,Denmark,Strawberry,0,2,1,9568.0
1024,Derek,Ruiz,188.06,Finland,Stracciatella,0,0,1,16267.0
1025,Danny,Pacheco,147.1,Denmark,Strawberry,1,1,0,12697.0
1026,Jack,Watson,161.11,France,Pistachio,0,3,0,3810.0
1027,Tamara,Rios,197.67,France,Pistachio,0,4,0,4658.0
1028,Leah,Crawford,169.19,China,Strawberry,1,1,0,13630.0
1029,Erica,Ortiz,195.24,USA,Mint,1,6,0,18202.0
1030,Alan,Barnes,159.17,Japan,Chocolate,0,1,1,2391.0
1031,Erik,Alvarez,187.36,UK,Mint,0,1,0,18318.0
1032,Colin,Shelton,149.13,Italy,Pistachio,0,1,0,11019.0
1033,Andrew,Reyes,146.62,China,Chocolate,0,2,0,8569.0
1034,Rose,Copeland,150.01,Norway,Vanilla,1,0,1,16143.0
1035,Pam,Ochoa,203.74,France,Pistachio,0,2,0,3370.0
1036,Regina,Ryan,169.62,Japan,Pistachio,1,9,0,3864.0
1037,Stephanie,Price,156.83,USA,Stracciatella,0,1,0,7113.0
1038,Colin,Hines,136.61,Australia,Vanilla,0,0,0,8269.0
1039,Brian,Bryant,193.72,USA,Chocolate,0,0,0,3265.0
1040,Nicholas,Payne,150.8,Germany,Vanilla,0,1,1,6585.0
1041,Gary,Palmer,198.39,Norway,Mint,0,2,0,7364.0
1042,Veronica,Perez,185.53,China,Stracciatella,0,3,1,18037.0
1043,Martha,Odonnell,159.82,Finland,Chocolate,1,3,0,12221.0
1044,Rebekah,Gonzales,171.1,Finland,Stracciatella,1,3,1,5990.0
1045,Caleb,Bennett,150.35,Germany,Strawberry,0,2,1,14423.0
1046,Diane,Carrillo,202.42,Italy,Pistachio,0,1,1,4875.0
1047,Cody,West,172.96,Germany,Mint,0,2,0,18053.0
1048,Nathaniel,Esparza,140.65,Denmark,Stracciatella,1,1,0,16301.0
1049,Jennifer,Lowery,147.59,USA,Vanilla,0,0,0,5967.0
1050,Alexa,Hancock,189.57,Brazil,Stracciatella,0,2,0,1016.0
1051,Diane,Carroll,157.08,Italy,Pistachio,0,1,0,2452.0
1052,Toni,Mckay,185.56,Finland,Pistachio,1,4,0,5087.0
1053,Collin,Nielsen,187.58,Denmark,Strawberry,1,3,1,7303.0
1054,Rose,Tran,150.22,USA,Vanilla,1,1,0,3592.0
1055,Douglas,Solomon,205.92,Brazil,Mint,1,2,1,17038.0
1056,Wendy,Duke,162.82,USA,Chocolate,1,0,0,11612.0
1057,Steven,Burton,148.23,Germany,Chocolate,1,3,0,14076.0
1058,Eric,Mathis,183.02,China,Stracciatella,1,8,1,4080.0
1059,Jane,Jacobson,198.28,Denmark,Strawberry,0,8,1,3528.0
1060,Marilyn,Huber,137.05,Norway,Vanilla,1,6,1,4167.0
1061,Shawna,Miller,149.92,UK,Pistachio,0,1,1,11551.0
1062,Samuel,Leon,193.19,USA,Chocolate,1,6,1,5570.0
1063,Beth,Houston,187.71,Norway,Mint,1,2,1,18540.0
1064,Randy,Griffith,207.14,Norway,Pistachio,1,0,1,11378.0
1065,Chelsey,Harmon,182.68,Sweden,Vanilla,1,3,1,1185.0
1066,Manuel,Armstrong,166.05,China,Vanilla,1,1,1,5436.0
1067,Billy,Dunn,170.56,USA,Strawberry,1,1,0,15000.0
1068,Willie,Snow,163.55,Sweden,Chocolate,0,4,0,6346.0
1069,Brianna,Allen,186.73,Germany,Stracciatella,0,0,1,5022.0
1070,Brent,Noble,147.37,Canada,Strawberry,0,9,1,11775.0
1071,Olivia,Boyle,143.95,Finland,Strawberry,1,4,0,1881.0
1072,Christine,Dominguez,169.71,USA,Strawberry,0,0,0,8160.0
1073,Cheryl,Sanchez,149.43,Sweden,Chocolate,1,1,0,11294.0
1074,Anne,Grant,176.65,Norway,Pistachio,0,9,1,9889.0
1075,Jacqueline,Kirk,174.72,Japan,Vanilla,0,1,0,6481.0
1076,Marilyn,Roberts,164.72,Brazil,Vanilla,1,0,0,12645.0
1077,Terrence,Moyer,137.14,Norway,Vanilla,0,7,1,10553.0
1078,Logan,Villegas,193.31,Germany,Stracciatella,0,1,0,17918.0
1079,Cody,Bryan,166.13,Canada,Vanilla,1,8,1,17483.0
1080,Teresa,Marks,171.88,China,Pistachio,1,6,1,4805.0
1081,Greg,Monroe,155.48,Sweden,Vanilla,1,2,0,7712.0
1082,Christy,Leon,173.45,Sweden,Mint,0,4,0,14226.0
1083,Katie,Powers,148.75,USA,Strawberry,0,1,0,13905.0
1084,Jeanne,Jarvis,200.65,UK,Vanilla,0,3,1,9780.0
1085,Sonya,Lucas,162.79,Germany,Mint,0,1,0,2101.0
1086,Holly,Mcdonald,190.92,Finland,Pistachio,1,0,0,6770.0
1087,Kiara,Chen,191.11,Brazil,Stracciatella,0,0,0,4002.0
1088,Elizabeth,Pugh,164.06,USA,Pistachio,0,1,0,6978.0
1089,Lauren,Morgan,149.04,Australia,Chocolate,0,1,0,14274.0
1090,Hailey,Levy,198.64,Brazil,Pistachio,0,0,0,9217.0
1091,Tim,Bennett,150.22,UK,Mint,0,3,0,8681.0
1092,Lawrence,Hamilton,162.59,Finland,Stracciatella,1,6,0,6661.0
1093,Sarah,Myers,190.33,Denmark,Strawberry,1,3,0,11832.0
1094,Deanna,Perry,185.42,Brazil,Mint,0,0,1,3105.0
1095,Maria,Morrison,141.64,Sweden,Mint,1,2,0,16719.0
1096,Julie,Pham,140.3,UK,Strawberry,0,4,1,11040.0
1097,Dominique,Villegas,156.27,USA,Mint,1,6,1,12659.0
1098,Brenda,Alvarez,188.46,Canada,Vanilla,1,8,0,16118.0
1099,Diana,Weaver,174.99,Norway,Stracciatella,1,0,0,10705.0
1100,Garrett,Rogers,202.1,France,Vanilla,0,2,0,10925.0
1101,Jonathon,Powers,171.39,Finland,Stracciatella,1,2,0,5346.0
1102,Gene,Young,135.17,Brazil,Chocolate,0,0,0,15587.0
1103,Doris,Gill,147.21,Germany,Chocolate,0,1,0,15665.0
1104,Jack,Johnston,190.57,Denmark,Vanilla,1,0,1,9378.0
1105,Joe,Velazquez,190.65,Germany,Pistachio,0,1,0,12111.0
1106,Toni,Hammond,202.0,USA,Pistachio,0,1,1,16743.0
1107,Dennis,Costa,183.72,China,Chocolate,0,0,1,10575.0
1108,Isabella,Bishop,185.33,Norway,Pistachio,1,7,0,13211.0
1109,Jared,Logan,193.39,Finland,Mint,1,2,0,12716.0
1110,Bridget,Durham,199.1,Finland,Strawberry,1,6,1,17747.0
1111,Steven,Lucas,133.96,Germany,Pistachio,0,1,1,12003.0
1112,Jonathan,Frey,140.48,USA,Vanilla,0,1,0,13155.0
1113,Debbie,Johns,149.09,China,Pistachio,1,8,0,4686.0
1114,Alexandra,Raymond,135.55,Australia,Chocolate,0,5,1,12327.0
1115,Christina,Mahoney,152.47,Norway,Chocolate,1,2,0,10662.0
1116,Matthew,Nguyen,167.74,France,Chocolate,0,2,0,10817.0
1117,Lynn,Lee,180.6,Sweden,Chocolate,1,4,0,18892.0
1118,Andrew,Henry,141.58,Italy,Stracciatella,0,2,1,2624.0
1119,Jesse,Rojas,139.94,Canada,Vanilla,0,0,0,16555.0
1120,Linda,Evans,192.2,Italy,Chocolate,0,2,1,2000.0
1121,Savannah,Gentry,169.18,China,Pistachio,0,0,0,5059.0
1122,Kathy,Roberts,178.19,Sweden,Strawberry,1,9,0,4666.0
1123,Patrick,Collins,161.01,Brazil,Vanilla,0,1,0,5353.0
1124,Wanda,Lowe,160.73,Finland,Chocolate,0,1,0,12188.0
1125,Terrence,Conrad,150.49,Italy,Strawberry,0,5,0,1404.0
1126,Heidi,Ramsey,192.33,Canada,Vanilla,1,0,0,18236.0
1127,Larry,Price,202.09,Canada,Vanilla,1,0,0,2051.0
1128,Anthony,Black,176.36,France,Chocolate,1,7,1,2687.0
1129,Justin,Reynolds,170.12,Norway,Strawberry,1,1,0,12126.0
1130,Jackie,Mueller,174.94,USA,Pistachio,0,2,0,6082.0
1131,Theresa,Holder,200.52,France,Stracciatella,1,2,0,6708.0
1132,Lisa,Hunt,149.61,Japan,Pistachio,0,1,0,5541.0
1133,Sonya,Blankenship,206.66,Germany,Chocolate,0,2,0,7116.0
1134,Johnathan,Hopkins,171.48,Brazil,Mint,1,6,0,18319.0
1135,Ryan,Anthony,170.0,Sweden,Chocolate,1,1,0,5344.0
1136,Felicia,Mckenzie,174.04,Australia,Strawberry,0,0,1,3757.0
1137,Hailey,Cummings,162.34,Denmark,Vanilla,1,2,0,1189.0
1138,Trevor,Glenn,206.23,Italy,Strawberry,0,1,0,8418.0
1139,Nicole,Wells,169.75,Canada,Mint,0,0,0,2140.0
1140,Kiara,Wu,145.3,UK,Pistachio,0,1,1,7181.0
1141,Crystal,Craig,188.01,Japan,Strawberry,0,0,0,15142.0
1142,Frederick,Solomon,198.28,Finland,Mint,1,4,0,13651.0
1143,Kelly,Payne,178.57,USA,Strawberry,0,1,0,6106.0
1144,Leonard,Soto,204.8,France,Chocolate,0,3,0,2350.0
1145,Frank,Holland,206.71,Italy,Stracciatella,0,0,0,14598.0
1146,Shannon,Marshall,159.11,Denmark,Stracciatella,1,2,0,10697.0
1147,Stephen,Ayala,205.2,Canada,Strawberry,0,2,0,15512.0
1148,Julie,Mcbride,152.85,Finland,Chocolate,0,0,0,3137.0
1149,Cheryl,Carroll,158.0,Canada,Chocolate,1,8,1,6911.0
1150,Carolyn,Villanueva,168.59,Italy,Chocolate,0,2,0,2007.0
1151,Dustin,Wheeler,203.91,Norway,Stracciatella,0,6,0,3339.0
1152,Katelyn,Snyder,178.95,Brazil,Chocolate,0,0,0,12495.0
1153,Gordon,Morris,170.94,Brazil,Vanilla,0,2,1,15730.0
1154,Diane,Mora,172.53,Japan,Strawberry,0,1,0,15123.0
1155,Alexis,Bradford,159.73,Denmark,Strawberry,1,2,1,15012.0
1156,Alicia,Ellis,144.26,Norway,Mint,1,2,0,15731.0
1157,Dean,Kline,167.92,Finland,Strawberry,1,0,0,9531.0
1158,Derek,Stanley,166.26,China,Mint,1,9,0,10607.0
1159,Mike,Glenn,191.9,Denmark,Chocolate,1,1,0,2539.0
1160,Emily,Powers,162.07,China,Mint,1,0,0,3622.0
1161,Colin,Conrad,181.2,Denmark,Chocolate,1,2,1,10785.0
1162,Lori,Logan,156.93,Denmark,Chocolate,1,3,0,5437.0
1163,Cody,Gray,134.68,Australia,Mint,0,0,0,17802.0
1164,Tracy,Thomas,141.32,USA,Strawberry,0,1,0,7258.0
1165,Ronnie,Bridges,184.84,Australia,Pistachio,1,1,1,12878.0
1166,Glenda,Weber,207.46,China,Stracciatella,1,8,0,1624.0
1167,Erika,Pena,178.81,USA,Mint,1,6,0,11798.0
1168,Stephen,Smith,146.22,Italy,Pistachio,0,5,0,2334.0
1169,Lori,Bryant,147.47,Denmark,Vanilla,1,0,0,13646.0
1170,Curtis,Salazar,149.66,Canada,Pistachio,0,1,0,4654.0
1171,Chelsey,Colon,206.69,Norway,Vanilla,1,1,0,8419.0
1172,Seth,Stewart,167.2,Germany,Pistachio,1,4,0,13800.0
1173,Kristopher,Ware,136.16,Italy,Pistachio,0,1,0,6890.0
1174,Johnathan,Jensen,157.89,Germany,Vanilla,0,0,0,8881.0
1175,Benjamin,Shaffer,166.21,Japan,Vanilla,0,0,0,11404.0
1176,Kristin,Knight,183.98,Brazil,Pistachio,0,0,0,3698.0
1177,Kristy,Dixon,182.29,Canada,Chocolate,0,0,0,17359.0
1178,Scott,Moon,200.0,Norway,Pistachio,1,5,1,17623.0
1179,Yvonne,Pham,183.86,China,Stracciatella,1,3,0,5109.0
1180,Johnny,West,207.76,Brazil,Mint,0,0,0,11483.0
1181,Jimmy,Vega,166.94,China,Vanilla,1,1,0,12425.0
1182,Jason,Barnett,168.88,Sweden,Chocolate,1,4,1,13557.0
1183,Jonathon,Hoover,203.67,Norway,Chocolate,1,1,1,17773.0
1184,Manuel,Taylor,187.88,Japan,Chocolate,1,1,1,16533.0
1185,Alison,White,196.81,France,Vanilla,0,3,0,4735.0
1186,Diane,Weaver,175.2,UK,Vanilla,0,2,0,3431.0
1187,Jeremiah,Buckley,192.2,Germany,Vanilla,0,1,0,12721.0
1188,Steve,Pennington,135.6,France,Stracciatella,0,2,0,12888.0
1189,Kristina,Patterson,164.95,Germany,Mint,0,2,0,17847.0
1190,Melissa,Hebert,135.73,Australia,Stracciatella,1,1,1,1107.0
1191,Dean,Wood,156.83,Norway,Vanilla,1,3,1,3377.0
1192,Stephen,Cantu,134.39,USA,Vanilla,1,0,0,16884.0
1193,Ryan,Robertson,192.52,Norway,Pistachio,1,1,0,12557.0
1194,Sergio,Jenkins,149.9,UK,Stracciatella,0,0,1,8741.0
1195,Tonya,Hodges,202.07,Finland,Strawberry,1,1,1,6869.0
1196,Ryan,Murphy,204.29,Denmark,Vanilla,0,1,1,18406.0
1197,Selena,Welch,151.6,USA,Mint,0,1,0,9457.0
1198,Lawrence,Payne,175.24,Canada,Vanilla,0,0,0,17740.0
1199,Crystal,Daniel,161.49,Japan,Mint,0,0,0,7001.0
1200,Roger,Booth,161.45,Australia,Pistachio,1,1,0,3320.0
1201,Trevor,Manning,206.77,Canada,Strawberry,1,8,1,12662.0
1202,Erin,Maldonado,182.26,Norway,Strawberry,0,2,0,12788.0
1203,Regina,Bailey,172.52,Sweden,Mint,0,4,1,9838.0
1204,Dana,Hampton,177.01,UK,Strawberry,0,4,1,1226.0
1205,Cody,Watkins,166.53,Japan,Vanilla,0,2,1,8654.0
1206,Tammy,Mathis,171.19,Finland,Strawberry,1,2,0,4928.0
1207,Shawna,Wilkins,181.26,Australia,Vanilla,0,1,0,1705.0
1208,Tim,Turner,196.02,USA,Chocolate,1,6,1,18289.0
1209,John,Gordon,176.48,USA,Chocolate,0,1,0,4522.0
1210,Kim,Chen,173.1,Denmark,Stracciatella,1,1,1,18132.0
1211,Kristi,Lee,147.06,UK,Mint,0,2,1,13020.0
1212,Jasmine,Jimenez,186.27,Japan,Strawberry,0,1,0,9197.0
1213,Kyle,Fuentes,166.12,USA,Vanilla,0,0,1,7087.0
1214,Jimmy,Christian,178.2,UK,Pistachio,0,3,1,18033.0
1215,Theodore,Oliver,156.85,Brazil,Strawberry,1,6,0,16889.0
1216,Christina,Gallagher,152.51,Denmark,Vanilla,1,4,0,9289.0
1217,Breanna,Huber,151.68,Sweden,Mint,0,5,1,18867.0
1218,Donna,Aguilar,181.12,Norway,Pistachio,1,2,1,6056.0
1219,Zachary,Tran,192.66,USA,Strawberry,1,6,1,3144.0
1220,Darlene,Bradley,142.91,Sweden,Mint,1,1,0,13672.0
1221,Janice,Long,150.65,Brazil,Vanilla,0,1,0,5441.0
1222,Jeremiah,Vincent,165.34,Germany,Pistachio,0,1,0,4629.0
1223,Suzanne,Marquez,156.15,Denmark,Stracciatella,1,2,0,17649.0
1224,Eugene,Mccoy,207.29,Denmark,Vanilla,1,2,1,10572.0
1225,Katherine,Harper,192.17,Australia,Vanilla,0,0,1,8912.0
1226,William,Porter,133.81,China,Stracciatella,1,0,1,10795.0
1227,Crystal,Wilson,140.4,China,Vanilla,0,0,0,17597.0
1228,Emily,Reeves,154.5,USA,Mint,0,0,0,10276.0
1229,Erik,Newman,187.69,USA,Pistachio,0,0,0,5198.0
1230,Michele,Larsen,194.31,Japan,Chocolate,0,0,0,3892.0
1231,Makayla,Gordon,163.43,USA,Pistachio,0,1,0,14481.0
1232,Erik,Robles,139.94,France,Mint,1,2,0,5763.0
1233,Samantha,Watson,167.44,China,Mint,0,0,0,5151.0
1234,Carrie,Joseph,148.33,Canada,Vanilla,1,1,0,14858.0
1235,Dwayne,Weaver,191.42,Norway,Stracciatella,1,3,0,14018.0
1236,Wesley,Logan,154.54,USA,Chocolate,1,3,0,16773.0
1237,Leslie,Wu,146.73,Japan,Vanilla,0,0,1,16008.0
1238,Ruth,Mercado,144.27,Norway,Pistachio,1,1,0,5804.0
1239,Luke,Gilbert,179.86,Italy,Stracciatella,1,1,0,15299.0
1240,Jillian,Bryant,204.81,France,Vanilla,0,1,1,16929.0
1241,Erik,Livingston,159.7,Denmark,Chocolate,1,0,0,15268.0
1242,Leslie,Lloyd,192.44,Finland,Chocolate,1,2,0,12867.0
1243,Rita,Green,206.71,Norway,Pistachio,0,7,0,15699.0
1244,Lawrence,Hickman,147.14,Japan,Mint,0,0,0,8394.0
1245,Kristen,Ramos,150.85,Canada,Mint,0,0,0,17182.0
1246,Lee,Stevens,163.17,Japan,Mint,0,2,0,9785.0
1247,Jeremiah,Jarvis,201.37,Germany,Strawberry,0,0,0,16396.0
1248,Kylie,Hale,184.45,USA,Pistachio,0,0,1,10994.0
1249,Jordan,Hudson,167.27,Sweden,Chocolate,1,5,0,7607.0
1250,Benjamin,Sanders,161.25,Norway,Pistachio,1,1,0,1378.0
1251,Sonya,Mahoney,190.74,France,Vanilla,1,7,0,3312.0
1252,Veronica,Francis,149.22,Germany,Chocolate,0,0,0,7416.0
1253,Anthony,Crawford,158.83,Italy,Chocolate,1,2,0,9033.0
1254,Jenna,Soto,199.54,Sweden,Vanilla,1,1,0,2391.0
1255,Rebekah,Diaz,150.47,China,Strawberry,0,0,0,15721.0
1256,Sheila,Stevens,141.91,Italy,Mint,1,3,0,15208.0
1257,Anne,Anderson,153.31,Sweden,Chocolate,1,1,1,6732.0
1258,Lauren,Frey,149.44,USA,Stracciatella,0,1,0,4399.0
1259,Stephanie,Espinoza,161.53,Australia,Vanilla,1,1,0,18026.0
1260,Spencer,Strong,169.88,USA,Pistachio,0,1,0,17340.0
1261,Bradley,Gilbert,178.93,Italy,Chocolate,1,1,1,16608.0
1262,Henry,Booth,177.71,Denmark,Pistachio,1,5,1,6340.0
1263,Leah,Gutierrez,165.57,USA,Vanilla,0,0,0,11508.0
1264,Cody,Lozano,192.02,Japan,Pistachio,0,2,0,4450.0
1265,Eugene,Bailey,186.67,UK,Mint,0,3,1,17796.0
1266,Kathleen,Gilbert,172.12,Germany,Chocolate,0,1,0,11602.0
1267,Shelly,Merritt,150.89,Canada,Vanilla,1,1,0,13218.0
1268,Erika,Pena,200.4,USA,Strawberry,0,1,0,1570.0
1269,Lucas,Lowery,202.67,Canada,Chocolate,0,0,1,13120.0
1270,Katie,Tanner,169.68,Norway,Chocolate,1,4,0,4970.0
1271,Darlene,Fuller,168.85,Australia,Pistachio,1,1,1,1854.0
1272,Tony,Mcmahon,146.43,China,Stracciatella,1,8,1,5643.0
1273,Monica,Beck,200.5,Australia,Pistachio,0,1,1,14334.0
1274,Robert,Erickson,172.58,Sweden,Pistachio,1,2,1,12777.0
1275,Kristie,Gillespie,165.01,USA,Vanilla,0,1,0,7668.0
1276,April,Meyer,207.47,Japan,Pistachio,0,1,0,9132.0
1277,Philip,Manning,149.08,Norway,Vanilla,0,2,0,10261.0
1278,Mario,Donaldson,144.93,Australia,Vanilla,1,5,1,17898.0
1279,Hunter,Church,184.55,Japan,Chocolate,0,2,0,16036.0
1280,Nathan,Hunter,181.51,Norway,Mint,0,2,0,3369.0
1281,Cameron,Kemp,198.4,Australia,Pistachio,1,1,1,8479.0
1282,Michael,Morse,201.51,Germany,Chocolate,0,2,0,2688.0
1283,Sandra,Barton,167.98,UK,Chocolate,1,0,1,15032.0
1284,Jacob,Johns,177.53,Germany,Vanilla,0,0,0,9464.0
1285,Alison,Tran,147.6,Australia,Chocolate,0,0,0,11427.0
1286,Christy,Guzman,185.57,Finland,Pistachio,0,0,0,5216.0
1287,Janice,Newman,135.66,Norway,Vanilla,1,0,0,8698.0
1288,Briana,Houston,164.9,Sweden,Chocolate,1,1,0,18552.0
1289,Mary,Romero,165.76,Brazil,Vanilla,1,8,0,12156.0
1290,Lindsey,Maldonado,158.52,France,Strawberry,0,0,0,1830.0
1291,Philip,Mcmahon,178.3,Brazil,Chocolate,0,0,0,13158.0
1292,Kevin,Walton,169.96,Australia,Pistachio,1,0,1,15193.0
1293,Heather,Mcintosh,184.36,USA,Vanilla,1,0,0,13285.0
1294,Kathryn,Welch,167.17,Norway,Pistachio,1,1,0,10099.0
1295,Catherine,Welch,193.05,Brazil,Strawberry,0,1,0,6031.0
1296,Craig,Cooke,187.15,Norway,Vanilla,1,0,0,1029.0
1297,Tamara,Cochran,196.73,Denmark,Vanilla,1,1,1,7889.0
1298,Lisa,Braun,140.54,Finland,Stracciatella,1,1,1,7621.0
1299,Mario,Winters,137.67,Brazil,Strawberry,0,1,0,2873.0
1300,Jillian,Pham,158.92,Italy,Vanilla,0,5,0,10305.0
1301,Gerald,Jenkins,155.96,Finland,Vanilla,1,1,0,9096.0
1302,Brandon,Jordan,192.02,Australia,Pistachio,1,1,0,16625.0
1303,Roger,Stein,169.35,USA,Stracciatella,0,1,0,16350.0
1304,Ashley,Higgins,178.54,UK,Strawberry,0,2,1,3043.0
1305,Ronnie,Herring,171.64,Norway,Pistachio,1,0,0,19021.0
1306,Chad,Trevino,158.29,Germany,Chocolate,0,1,0,13721.0
1307,Makayla,Cohen,162.88,Sweden,Mint,1,1,0,16477.0
1308,Jennifer,Jensen,187.93,Germany,Strawberry,0,1,0,7276.0
1309,Tiffany,Underwood,197.21,China,Pistachio,0,1,0,17776.0
1310,Mark,Hurley,169.25,UK,Vanilla,0,1,1,9771.0
1311,Stephanie,Griffin,145.23,Japan,Pistachio,0,0,0,6918.0
1312,Christopher,Howe,186.66,Japan,Vanilla,0,1,0,13621.0
1313,Catherine,Dawson,194.21,Sweden,Chocolate,1,9,1,6386.0
1314,Dustin,Rosales,191.92,Sweden,Mint,0,2,0,14448.0
1315,Carrie,Franklin,202.79,USA,Pistachio,0,1,0,17529.0
1316,Louis,Wang,186.16,Germany,Chocolate,0,1,1,15940.0
1317,Jared,Esparza,169.83,France,Strawberry,1,1,0,8872.0
1318,Joshua,Pena,195.87,Finland,Stracciatella,1,0,1,6174.0
1319,Tanya,Wilson,205.81,Japan,Vanilla,0,0,1,2248.0
1320,Ray,Christensen,139.44,Australia,Vanilla,0,0,1,1307.0
1321,Shannon,Camacho,134.88,Denmark,Chocolate,0,8,0,13901.0
1322,Teresa,Brooks,194.3,Italy,Mint,0,2,0,4158.0
1323,Derrick,Lambert,169.65,France,Pistachio,0,1,0,2859.0
1324,Sheri,Jenkins,180.4,Denmark,Stracciatella,0,8,1,3014.0
1325,Austin,Salazar,166.27,Norway,Vanilla,0,9,0,6000.0
1326,Barbara,Hays,178.79,France,Strawberry,1,1,0,3062.0
1327,Lauren,Zimmerman,147.97,France,Pistachio,0,2,0,9920.0
1328,Phillip,Long,185.19,France,Chocolate,1,2,0,17360.0
1329,Carrie,Grant,154.29,China,Vanilla,1,6,0,8973.0
1330,Curtis,Cunningham,201.28,Norway,Mint,1,5,0,16552.0
1331,Marilyn,Maddox,170.23,Australia,Pistachio,0,5,0,16669.0
1332,Ann,Duke,172.46,Brazil,Strawberry,0,8,0,15033.0
1333,Jessica,Figueroa,202.22,China,Vanilla,0,3,0,12746.0
1334,Spencer,Mendez,148.87,UK,Chocolate,0,2,0,1333.0
1335,Paige,Monroe,160.63,Brazil,Chocolate,0,8,0,14434.0
1336,Janet,Wallace,203.07,Australia,Pistachio,0,0,1,6561.0
1337,Angela,Roman,147.3,France,Vanilla,0,4,0,14790.0
1338,Sergio,Castro,135.37,Germany,Stracciatella,0,1,1,8428.0
1339,Sandy,Black,194.65,China,Stracciatella,1,5,0,14656.0
1340,Gabriel,Oconnor,193.54,Norway,Chocolate,1,2,0,13264.0
1341,Frances,Ponce,183.09,USA,Pistachio,1,1,0,1324.0
1342,Charlotte,Hoover,161.21,Japan,Vanilla,0,1,0,9086.0
1343,Savannah,Ryan,178.56,China,Strawberry,0,0,1,9319.0
1344,Manuel,Cardenas,203.09,UK,Pistachio,0,0,1,14329.0
1345,Judy,Green,173.85,Norway,Stracciatella,1,0,1,5793.0
1346,Steve,Walter,171.73,Denmark,Mint,1,0,0,18652.0
1347,Lawrence,Monroe,152.04,Italy,Chocolate,1,3,0,7469.0
1348,Kristina,Dean,161.95,Norway,Strawberry,1,5,0,18091.0
1349,Marissa,Patton,203.5,France,Stracciatella,1,7,0,16707.0
1350,Kenneth,Deleon,180.07,UK,Chocolate,0,2,1,17856.0
1351,Debra,Pratt,205.04,Brazil,Strawberry,1,1,1,17930.0
1352,Jacqueline,Kemp,203.75,Germany,Strawberry,1,0,0,9724.0
1353,Russell,Richards,206.09,Canada,Stracciatella,0,0,0,17615.0
1354,Kristopher,Bridges,150.63,China,Mint,1,7,0,16322.0
1355,Brittany,Marks,155.81,France,Vanilla,1,7,0,17377.0
1356,Ricky,Cherry,139.37,Brazil,Vanilla,0,0,0,4858.0
1357,Gina,Richardson,206.52,Japan,Strawberry,0,0,0,1543.0
1358,Michael,Marsh,157.13,Australia,Vanilla,0,0,0,9747.0
1359,Lauren,Baker,135.0,Sweden,Pistachio,1,0,0,3939.0
1360,Lucas,Lozano,196.95,Finland,Chocolate,1,3,0,4568.0
1361,Keith,Robertson,148.21,Australia,Strawberry,0,0,1,6398.0
1362,Tiffany,Gilbert,143.34,Japan,Stracciatella,1,0,0,5896.0
1363,Shawna,Warren,171.91,Denmark,Mint,1,3,0,9239.0
1364,Raymond,Hamilton,154.97,Norway,Pistachio,1,0,0,3338.0
1365,Catherine,Benjamin,159.83,Canada,Vanilla,0,1,0,11447.0
1366,Brent,Wiggins,160.58,China,Vanilla,0,2,0,3518.0
1367,Maria,Jenkins,150.01,Brazil,Stracciatella,0,1,0,5955.0
1368,Erika,Henry,197.09,Italy,Chocolate,0,2,1,15414.0
1369,Kristie,Petersen,149.04,Canada,Chocolate,1,0,0,14919.0
1370,Spencer,Porter,135.22,Finland,Stracciatella,1,0,1,13621.0
1371,Gerald,Watson,189.46,Australia,Stracciatella,0,1,1,1077.0
1372,Joseph,Morton,159.47,Germany,Stracciatella,0,2,0,2418.0
1373,Diane,Ferguson,141.45,Norway,Chocolate,0,9,0,13460.0
1374,Carl,Mays,179.98,UK,Chocolate,0,6,1,12762.0
1375,Miranda,Cochran,149.88,China,Strawberry,0,0,1,1623.0
1376,Dana,Colon,172.3,Japan,Pistachio,1,0,0,1780.0
1377,Yesenia,Chapman,163.03,USA,Strawberry,1,0,0,5509.0
1378,Mario,Maxwell,168.75,Australia,Pistachio,1,9,0,1264.0
1379,Denise,Melendez,173.88,Canada,Strawberry,1,1,0,10824.0
1380,Gilbert,Garner,153.02,China,Vanilla,1,7,0,14074.0
1381,Loretta,Merritt,199.33,Brazil,Vanilla,0,2,0,10496.0
1382,Tiffany,Mckay,147.87,Italy,Stracciatella,0,1,0,12289.0
1383,Veronica,Guzman,148.9,Brazil,Mint,1,1,1,11609.0
1384,Linda,Rios,169.5,Australia,Mint,1,9,0,12894.0
1385,Carolyn,Solis,159.39,Norway,Pistachio,1,4,0,5283.0
1386,Charles,Pham,181.8,UK,Chocolate,0,0,1,9663.0
1387,Jane,Mendoza,174.67,Brazil,Pistachio,0,2,0,15464.0
1388,John,Arias,184.64,Denmark,Vanilla,1,3,1,2600.0
1389,Emily,Burton,174.09,USA,Vanilla,0,4,0,15915.0
1390,Peter,George,205.15,Sweden,Pistachio,1,1,0,8273.0
1391,Marissa,Huynh,136.83,Finland,Mint,1,2,1,14748.0
1392,David,Higgins,150.85,France,Strawberry,0,1,0,1561.0
1393,Raven,Francis,142.24,China,Stracciatella,0,3,0,7840.0
1394,Misty,Norton,150.01,France,Pistachio,0,2,0,4904.0
1395,Shannon,Dunn,153.25,Sweden,Stracciatella,1,3,1,5915.0
1396,Kylie,Villegas,137.18,Norway,Pistachio,1,0,0,6086.0
1397,Alexander,Mora,175.72,France,Vanilla,0,0,0,5953.0
1398,Jay,Harrison,163.52,Japan,Chocolate,0,0,0,4794.0
1399,Brooke,Reyes,160.17,UK,Stracciatella,1,6,1,15018.0
1400,Toni,Ayala,158.13,Canada,Chocolate,0,0,0,12318.0
1401,Gene,Morrison,139.04,Brazil,Mint,1,2,0,16337.0
1402,Kathleen,Herrera,172.43,UK,Pistachio,0,4,1,8659.0
1403,Gene,Mullins,189.53,Brazil,Pistachio,0,1,0,10263.0
1404,Judy,Gibbs,197.93,USA,Chocolate,1,3,1,7256.0
1405,Hector,Cook,160.42,Japan,Stracciatella,1,9,0,15520.0
1406,Theresa,Clarke,138.81,Denmark,Strawberry,1,1,1,1492.0
1407,Frederick,Welch,199.68,Australia,Strawberry,1,1,1,10692.0
1408,Chelsea,Hale,185.19,Finland,Pistachio,1,3,1,4969.0
1409,Shawna,Howe,160.64,Norway,Chocolate,1,2,1,12067.0
1410,Elizabeth,Howard,165.07,UK,Stracciatella,0,1,1,6593.0
1411,Kenneth,Frank,139.6,Canada,Stracciatella,1,1,0,15247.0
1412,Valerie,Chambers,163.81,France,Strawberry,0,1,0,7949.0
1413,Chad,Drake,161.04,Sweden,Chocolate,0,3,1,5091.0
1414,Tom,Adams,159.9,Denmark,Chocolate,1,3,1,2046.0
1415,Wendy,Caldwell,181.63,Norway,Strawberry,1,3,0,6027.0
1416,Mike,Cooper,160.63,USA,Stracciatella,1,0,0,14591.0
1417,Angela,Richmond,177.45,Italy,Mint,0,2,1,5606.0
1418,Ashlee,Gonzales,194.66,Norway,Vanilla,1,1,1,11451.0
1419,Kristina,Young,193.18,UK,Pistachio,0,1,1,16054.0
1420,Vanessa,Frank,182.51,Denmark,Chocolate,1,1,0,7507.0
1421,Lisa,Nichols,168.18,France,Stracciatella,1,2,0,5586.0
1422,Carl,Schneider,182.79,Norway,Mint,0,9,0,10248.0
1423,Alexander,Mcdowell,173.9,Finland,Pistachio,1,4,0,11605.0
1424,Donald,Eaton,146.56,China,Pistachio,0,0,0,14936.0
1425,Cheryl,Edwards,206.75,China,Strawberry,1,3,0,10226.0
1426,Dakota,Hurst,153.66,China,Strawberry,0,5,0,14320.0
1427,Makayla,Mendez,182.29,Denmark,Strawberry,1,1,0,12177.0
1428,Rebekah,Hernandez,151.04,Australia,Pistachio,0,1,1,2859.0
1429,Veronica,Villa,192.36,USA,Strawberry,0,5,1,4632.0
1430,Louis,Quinn,165.4,Finland,Vanilla,1,2,0,1354.0
1431,Allison,Castro,160.7,France,Stracciatella,0,0,1,17964.0
1432,Carla,Hartman,184.76,Sweden,Chocolate,1,3,0,3662.0
1433,Heather,Chen,193.73,Japan,Chocolate,0,0,0,13809.0
1434,Anna,Mays,185.24,Denmark,Chocolate,0,3,0,7598.0
1435,Steve,Ramirez,182.22,Denmark,Stracciatella,0,6,1,13281.0
1436,Javier,Boyd,167.45,UK,Strawberry,0,2,0,4470.0
1437,Charlotte,Olson,152.71,Norway,Vanilla,1,2,0,6962.0
1438,Annette,Walter,169.26,Sweden,Strawberry,1,2,1,5256.0
1439,Kristen,Gilbert,196.72,USA,Vanilla,0,1,0,11582.0
1440,Joe,Warren,166.19,Denmark,Vanilla,1,3,0,7055.0
1441,Ray,Nunez,178.31,USA,Vanilla,0,0,0,12511.0
1442,Cassie,Bell,188.06,Canada,Vanilla,1,1,1,16470.0
1443,Stacey,Holloway,144.75,Norway,Chocolate,0,9,0,3118.0
1444,Vernon,Hopkins,198.12,France,Stracciatella,0,2,0,7518.0
1445,Marilyn,Escobar,141.23,USA,Stracciatella,1,1,0,12881.0
1446,Diane,Walters,158.13,Italy,Chocolate,0,0,0,11698.0
1447,Edward,Lewis,184.95,Canada,Chocolate,0,0,1,15023.0
1448,Donald,Hamilton,186.19,China,Mint,0,0,0,16225.0
1449,Stephanie,Wiggins,155.21,Japan,Vanilla,0,2,1,1431.0
1450,Lorraine,Aguilar,160.63,China,Vanilla,0,0,0,9331.0
1451,Ashley,Villanueva,197.68,Sweden,Strawberry,1,1,1,13679.0
1452,Catherine,Anthony,166.01,Canada,Pistachio,0,0,0,4549.0
1453,Ronald,Solis,169.09,USA,Stracciatella,0,1,0,1023.0
1454,Leslie,Mueller,145.39,Australia,Vanilla,0,1,0,5227.0
1455,Marisa,Crawford,189.04,Germany,Stracciatella,0,0,0,18049.0
1456,Michelle,Francis,176.54,Italy,Vanilla,0,5,1,13182.0
1457,Haley,Burgess,202.75,Germany,Strawberry,1,3,0,11894.0
1458,Cindy,Boyle,180.66,Canada,Strawberry,1,1,1,16368.0
1459,Pam,Moran,163.59,Brazil,Stracciatella,0,1,0,18551.0
1460,Suzanne,Jarvis,153.78,UK,Vanilla,0,2,1,8831.0
1461,Wendy,Quinn,134.7,Brazil,Stracciatella,1,0,1,3564.0
1462,Carrie,Gould,182.96,Germany,Vanilla,1,4,0,9687.0
1463,Alexa,Bradshaw,163.71,Denmark,Pistachio,1,1,1,7859.0
1464,Sharon,Poole,159.47,Denmark,Stracciatella,1,5,0,4287.0
1465,Lindsey,Donaldson,199.16,Brazil,Pistachio,0,2,0,4912.0
1466,Randall,Rowe,173.4,Finland,Mint,1,6,0,11752.0
1467,Philip,Moore,166.2,Japan,Stracciatella,1,0,0,18798.0
1468,Cameron,Reeves,163.17,UK,Stracciatella,0,0,1,14648.0
1469,Angela,Bond,166.99,China,Pistachio,1,1,0,5156.0
1470,Justin,Washington,150.17,Japan,Pistachio,1,5,0,3133.0
1471,Marisa,Snyder,182.23,Italy,Mint,0,5,0,11489.0
1472,Carolyn,Chambers,163.35,Brazil,Mint,1,4,0,3204.0
1473,Catherine,Bailey,195.71,France,Strawberry,0,2,0,9044.0
1474,Thomas,Mckenzie,182.9,Finland,Pistachio,1,2,0,5480.0
1475,Kara,Ware,204.62,Brazil,Pistachio,0,8,0,15311.0
1476,Kristina,Waller,134.98,Norway,Pistachio,1,2,0,5964.0
1477,Tracy,Franco,199.11,China,Mint,1,0,0,2283.0
1478,Jennifer,Jimenez,174.57,Japan,Strawberry,0,1,0,6933.0
1479,Christopher,Noble,206.41,USA,Strawberry,1,6,0,7294.0
1480,Louis,Randall,138.33,Australia,Vanilla,0,0,0,12008.0
1481,Robert,Daniel,154.59,China,Stracciatella,0,1,0,16446.0
1482,Brianna,Costa,184.75,Germany,Strawberry,0,3,0,10518.0
1483,Johnny,Jenkins,159.25,UK,Stracciatella,0,1,1,15680.0
1484,Anita,Myers,177.99,Norway,Chocolate,1,3,0,11782.0
1485,Joshua,Buckley,175.4,Denmark,Vanilla,1,3,1,9159.0
1486,Johnny,Cervantes,190.6,Norway,Vanilla,1,3,0,11973.0
1487,Yolanda,Gonzalez,202.39,Denmark,Strawberry,1,2,0,11227.0
1488,Heidi,Walters,137.73,Norway,Chocolate,1,2,1,18532.0
1489,Adam,Rogers,183.02,Brazil,Mint,1,8,0,10699.0
1490,Jordan,Larsen,193.34,Denmark,Stracciatella,1,5,0,18834.0
1491,Maurice,Howe,156.5,Australia,Vanilla,1,0,0,12786.0
1492,Austin,Dunn,169.05,USA,Strawberry,0,0,0,1640.0
1493,Rachel,Lang,168.89,France,Pistachio,0,2,1,17471.0
1494,Matthew,Holland,168.06,Norway,Mint,0,9,0,4337.0
1495,Julia,Richardson,178.92,France,Strawberry,0,4,0,16745.0
1496,Leonard,Glenn,180.22,Italy,Stracciatella,0,1,0,11491.0
1497,Barry,Fleming,164.08,France,Mint,0,2,1,6726.0
1498,Marissa,Holland,169.01,Norway,Mint,0,9,1,15128.0
1499,Suzanne,Monroe,149.87,UK,Vanilla,0,1,0,9164.0
