First Name,Last Name,Height,Nationality,Favorite Icecream,Like Liquorice,Times Been to Italy,First Time London,Steps per Day
Hunter,Nunez,166.46,Japan,Chocolate,0,2,1,6121.0
Danny,Barron,144.76,Sweden,Vanilla,1,8,0,12603.0
Kaitlyn,Villarreal,150.39,Germany,Mint,0,4,0,3860.0
Deborah,Sanchez,177.37,Denmark,Pistachio,0,8,1,14442.0
Krista,Barker,170.01,China,Pistachio,1,8,0,7089.0
Brandi,Manning,191.15,Germany,Vanilla,1,5,0,15925.0
Melanie,Jacobson,138.16,Italy,Pistachio,0,6,1,18338.0
Jorge,Arnold,204.29,Denmark,Chocolate,0,6,0,7100.0
Shelley,Skinner,189.19,China,Strawberry,0,4,0,11016.0
Martha,Grant,166.73,Germany,Pistachio,0,8,1,2735.0
Lucas,Jacobs,162.51,China,Pistachio,1,3,0,14528.0
Christine,Paul,184.4,Brazil,Strawberry,1,9,1,7612.0
Kim,Hunter,138.68,France,Stracciatella,1,9,1,18152.0
Edward,Vasquez,181.44,China,Strawberry,0,3,1,9740.0
Christopher,Curtis,204.05,Finland,Mint,0,5,1,7078.0
Yesenia,Meza,134.08,Australia,Vanilla,1,1,0,7933.0
Sarah,Nguyen,141.87,Japan,Stracciatella,0,3,0,14871.0
Leah,Vincent,144.46,France,Mint,0,2,1,9983.0
Whitney,Ochoa,197.56,France,Stracciatella,0,6,1,8847.0
Denise,Flores,178.75,UK,Mint,1,2,1,13697.0
Jennifer,Cherry,136.77,Finland,Vanilla,0,2,0,13398.0
Steven,Nunez,187.09,Canada,Vanilla,0,4,0,11396.0
Isabella,Henry,135.32,Germany,Vanilla,1,3,0,12932.0
Sharon,Wells,147.96,Germany,Stracciatella,0,3,1,18441.0
Suzanne,Moyer,166.94,Sweden,Chocolate,0,4,0,3866.0
Jasmine,Harmon,205.96,Italy,Vanilla,1,0,1,1248.0
Rachael,Sanford,154.23,France,Pistachio,1,0,1,17289.0
Albert,Kim,205.9,Canada,Vanilla,1,3,1,10087.0
Kimberly,Barron,199.98,Japan,Mint,1,8,1,6102.0
Sheila,Mitchell,203.69,Denmark,Mint,0,9,0,6024.0
Ruben,Little,199.86,Brazil,Strawberry,1,7,1,13378.0
Rachael,Esparza,185.82,Brazil,Mint,1,9,0,13867.0
Jeff,Mccoy,138.84,Finland,Chocolate,0,1,1,15884.0
Spencer,Morse,150.56,Germany,Mint,0,3,1,3992.0
Katie,Gonzalez,184.45,Sweden,Stracciatella,0,9,1,12589.0
Andre,Dennis,146.13,UK,Chocolate,1,8,1,8217.0
Maria,Valdez,186.52,Australia,Chocolate,0,2,1,12329.0
Joel,Monroe,134.22,Denmark,Stracciatella,0,8,1,16083.0
Ricky,Byrd,194.07,USA,Mint,1,8,0,9002.0
Kathleen,Sanford,135.36,Italy,Pistachio,0,8,1,4815.0
Stephanie,Morse,162.73,Germany,Vanilla,0,1,0,16523.0
Shannon,Nichols,154.92,USA,Strawberry,0,3,1,15062.0
Karina,Jordan,177.45,Brazil,Stracciatella,0,9,1,10124.0
Rita,Moran,205.89,Denmark,Stracciatella,0,4,1,3125.0
Eugene,Nash,181.11,France,Strawberry,0,6,0,11689.0
Jenna,Sandoval,139.17,France,Stracciatella,0,6,0,1140.0
Kayla,Vaughn,185.27,Italy,Pistachio,1,0,1,8191.0
Brandi,Lara,148.87,Australia,Pistachio,0,5,0,12057.0
Brittney,Floyd,157.92,China,Mint,0,4,0,13555.0
Steve,Lara,175.51,Italy,Mint,0,4,1,8715.0
Mary,Gardner,190.53,Sweden,Vanilla,0,2,1,14927.0
Rebecca,Hernandez,199.66,Finland,Strawberry,1,1,0,11423.0
Randall,Martinez,198.12,Brazil,Strawberry,1,9,1,10503.0
Courtney,George,201.83,Norway,Strawberry,1,5,0,1100.0
Alexis,Mendez,150.42,USA,Stracciatella,1,1,1,12085.0
Hannah,Irwin,151.78,France,Stracciatella,0,2,0,14030.0
Vernon,Leon,169.22,Germany,Vanilla,1,7,0,2502.0
Tina,Duran,205.81,Norway,Stracciatella,1,3,1,12850.0
Veronica,Ibarra,170.43,Finland,Stracciatella,0,6,0,4157.0
Alison,Melendez,181.79,France,Stracciatella,1,1,0,2176.0
Gina,Barron,193.86,UK,Vanilla,1,2,0,1098.0
Jacob,Frederick,158.24,France,Pistachio,0,5,1,6790.0
Lindsay,Church,133.96,UK,Strawberry,1,9,1,6417.0
Patrick,Sosa,169.89,Germany,Pistachio,1,8,0,14604.0
Brooke,Townsend,200.3,Sweden,Vanilla,0,1,1,10259.0
Jamie,Shaffer,184.03,China,Chocolate,0,8,0,9311.0
Janice,Baldwin,168.93,Australia,Stracciatella,0,1,1,4590.0
Clinton,Haley,177.06,Italy,Stracciatella,0,0,1,18411.0
Bobby,Paul,199.69,France,Chocolate,0,9,0,18454.0
Brittany,Campbell,172.79,Italy,Chocolate,1,7,0,10941.0
Zachary,Short,191.14,USA,Vanilla,0,1,0,12619.0
Jeremy,Padilla,207.62,Japan,Stracciatella,0,3,1,6294.0
Raven,Sampson,175.82,USA,Stracciatella,1,9,1,3230.0
Christopher,Mills,138.81,UK,Chocolate,1,0,0,9689.0
Carrie,Shaw,179.21,Canada,Chocolate,0,7,0,8238.0
Kari,Wade,190.71,USA,Strawberry,0,6,0,3805.0
Marilyn,Wallace,164.93,Italy,Strawberry,1,0,0,13681.0
Wesley,Wheeler,160.8,Norway,Pistachio,1,2,0,18132.0
Katelyn,Christian,154.8,UK,Mint,0,6,0,8033.0
William,Luna,166.51,China,Chocolate,1,4,1,15604.0
Todd,Butler,181.4,Australia,Stracciatella,1,9,1,1664.0
Renee,Torres,167.46,Germany,Chocolate,1,2,0,17447.0
Steven,Jacobs,160.91,China,Strawberry,0,7,1,2956.0
Jennifer,Rubio,178.26,Italy,Mint,0,7,0,17788.0
Martin,Gutierrez,165.39,Germany,Vanilla,1,6,1,1059.0
Scott,Crane,134.33,Italy,Pistachio,1,1,1,4713.0
Brittney,Mejia,165.62,Sweden,Chocolate,1,2,1,17098.0
Heidi,Miles,196.33,Germany,Strawberry,0,8,0,7869.0
Manuel,Crawford,159.32,Australia,Stracciatella,0,3,1,6707.0
Sonya,Villarreal,139.06,Canada,Strawberry,1,4,1,9749.0
Kelly,Hays,153.05,Australia,Chocolate,1,5,0,13341.0
Gordon,Crawford,155.13,Finland,Chocolate,0,9,0,14211.0
Katelyn,Brooks,159.2,China,Stracciatella,1,4,0,18950.0
Michael,Jarvis,160.26,Italy,Mint,1,3,0,9398.0
Bobby,Barajas,151.18,USA,Pistachio,0,0,0,3464.0
Angela,Williams,146.16,Australia,Strawberry,1,1,1,10070.0
Richard,Bush,147.51,Sweden,Pistachio,1,9,0,12795.0
Mary,Lee,201.45,USA,Mint,0,4,1,17630.0
Sean,Cervantes,148.72,Denmark,Strawberry,0,0,1,8440.0
Colin,Livingston,160.35,UK,Stracciatella,0,5,0,17060.0
Suzanne,Murray,136.3,Germany,Stracciatella,0,5,1,3879.0
Mitchell,Curtis,174.21,Denmark,Pistachio,1,8,1,16547.0
Allen,Powell,175.09,Germany,Strawberry,1,9,0,13034.0
Randy,Bates,149.32,Finland,Vanilla,0,9,1,15286.0
Angela,Norton,152.42,Canada,Mint,1,1,0,16414.0
Nancy,Lynch,169.89,UK,Mint,0,0,0,13798.0
Alex,Gray,196.64,Finland,Stracciatella,0,0,0,17535.0
Felicia,Gallagher,179.31,France,Vanilla,1,2,1,16173.0
Jamie,Stewart,186.81,USA,Strawberry,1,8,0,18485.0
Deborah,Simon,206.77,Sweden,Mint,0,9,1,11494.0
Randall,Mcknight,201.0,Japan,Pistachio,1,4,1,8307.0
Katie,Dawson,192.98,USA,Strawberry,1,9,1,7019.0
Chris,Dudley,204.87,Brazil,Stracciatella,0,4,1,10542.0
Wendy,Livingston,138.43,Sweden,Mint,0,9,1,17596.0
Denise,Ford,162.8,Norway,Strawberry,1,4,0,17274.0
Trevor,Ortega,134.43,China,Vanilla,0,2,0,4969.0
Deanna,Ortiz,136.23,Canada,Pistachio,1,7,1,17081.0
Barry,Matthews,206.62,Denmark,Pistachio,0,0,0,13653.0
Jay,Cantu,165.77,Finland,Vanilla,0,0,1,5984.0
Alexandra,Grant,186.6,Finland,Strawberry,0,3,1,17042.0
Jamie,Cantrell,144.65,Italy,Mint,1,6,1,3498.0
Renee,Ballard,154.94,Germany,Stracciatella,0,4,1,17603.0
Hayden,Caldwell,193.27,Brazil,Vanilla,1,8,1,8023.0
Andre,Mack,204.76,Australia,Mint,0,2,0,12374.0
Eric,Wang,170.76,Japan,Strawberry,0,1,0,4031.0
Chad,Ponce,174.48,USA,Pistachio,1,8,1,16223.0
Kara,Flores,149.56,Australia,Stracciatella,0,8,1,4432.0
Johnathan,Carroll,177.58,China,Stracciatella,0,6,1,6627.0
Ashlee,Mercer,143.28,UK,Stracciatella,0,4,0,6561.0
Alexandra,Leblanc,141.88,Brazil,Strawberry,0,9,1,7153.0
Lynn,Bates,157.23,USA,Strawberry,0,0,1,13723.0
Whitney,Pham,192.05,Denmark,Stracciatella,0,6,0,5067.0
Shelly,Stevens,189.05,China,Pistachio,1,0,1,18620.0
Brittany,Cunningham,141.04,Italy,Vanilla,1,0,1,13634.0
Larry,Schmitt,185.0,Germany,Mint,0,7,0,5505.0
Gilbert,Hartman,151.56,Finland,Vanilla,0,1,1,6847.0
Denise,Martinez,170.02,Brazil,Stracciatella,1,8,1,17943.0
Hailey,Massey,162.06,Canada,Chocolate,1,1,1,18538.0
Vernon,Figueroa,191.42,Norway,Pistachio,1,5,0,4769.0
Kelly,Hammond,177.55,Canada,Strawberry,0,9,1,14140.0
Tracy,Garcia,177.77,China,Strawberry,0,8,1,9603.0
Deborah,Norris,148.97,Finland,Pistachio,0,0,0,10230.0
Eugene,Wilkins,182.38,UK,Mint,1,7,1,11502.0
April,Robles,146.04,China,Mint,1,0,1,17362.0
Alexis,Harper,187.25,Denmark,Pistachio,0,1,0,9587.0
Darrell,Jennings,179.12,Finland,Strawberry,0,8,0,8661.0
Sonya,Tate,141.45,Denmark,Pistachio,0,5,0,18971.0
Rachel,Fisher,181.42,China,Chocolate,0,1,1,15212.0
Karla,Hansen,139.1,Denmark,Stracciatella,0,8,1,18189.0
Candice,Lynch,172.01,Sweden,Mint,0,9,0,12846.0
Gordon,Hays,144.72,Italy,Chocolate,0,8,1,18194.0
Kenneth,Camacho,160.04,Norway,Chocolate,1,0,1,18121.0
Deanna,Zamora,144.78,Norway,Chocolate,1,2,0,16263.0
Tamara,Wade,161.85,Italy,Vanilla,1,0,0,16850.0
Victoria,Gibson,164.64,France,Pistachio,0,0,0,13906.0
Nancy,Harrison,148.34,France,Mint,1,9,0,7060.0
Kevin,Lawrence,196.52,Canada,Strawberry,1,9,0,15268.0
Raymond,Tran,154.85,Brazil,Mint,0,8,1,17418.0
Brittney,Mccoy,145.75,Italy,Pistachio,0,6,1,17485.0
Sara,Oliver,172.84,Italy,Strawberry,1,4,1,7040.0
Frances,Ali,159.61,Germany,Pistachio,1,5,1,13930.0
Cameron,Gray,141.11,Denmark,Mint,1,4,1,15338.0
David,Welch,196.84,Denmark,Vanilla,1,4,1,5829.0
Kellie,Zhang,138.33,Italy,Pistachio,1,9,1,6623.0
Glenda,Cohen,159.93,Japan,Pistachio,1,9,1,3157.0
Madison,Morrison,180.0,Australia,Pistachio,0,5,0,4937.0
Chelsey,Melton,174.82,UK,Stracciatella,0,8,1,7733.0
Wesley,Lang,201.48,Germany,Vanilla,0,7,0,10340.0
Javier,Richmond,204.34,Germany,Vanilla,1,8,0,8313.0
Emily,Torres,155.79,Germany,Mint,1,2,0,9764.0
Alexis,Gibbs,159.19,Sweden,Stracciatella,1,7,0,14322.0
Brent,Mckay,155.13,Brazil,Strawberry,1,7,1,6420.0
Edward,Frederick,137.18,China,Mint,1,5,0,5382.0
Taylor,Frye,186.12,Finland,Mint,1,1,0,11641.0
Frank,Duffy,174.3,USA,Stracciatella,0,1,0,16881.0
Casey,Dixon,187.21,Norway,Stracciatella,0,0,0,9424.0
Clinton,Hines,150.95,UK,Vanilla,1,3,1,7338.0
Harry,Bennett,166.22,Brazil,Pistachio,0,9,1,17246.0
Suzanne,Hicks,188.81,Italy,Pistachio,1,5,1,7366.0
Dennis,Munoz,166.44,Canada,Pistachio,0,2,1,1450.0
Kevin,Burgess,146.05,USA,Pistachio,0,9,0,18681.0
Bradley,Christian,207.63,France,Mint,0,4,0,17690.0
Douglas,Bruce,168.66,Sweden,Chocolate,1,3,0,15094.0
Steve,Welch,193.11,Sweden,Vanilla,1,6,0,3440.0
Kristie,Fletcher,172.77,Italy,Stracciatella,0,3,0,18099.0
Paige,Munoz,168.11,Italy,Strawberry,1,0,1,10407.0
Nina,Larsen,137.1,Australia,Strawberry,1,3,0,18126.0
Russell,Brown,166.14,Australia,Stracciatella,1,0,1,14316.0
Collin,Kirby,154.35,Brazil,Stracciatella,1,8,1,17244.0
Zachary,Holmes,165.76,Italy,Strawberry,1,2,0,3933.0
Judy,Hernandez,137.99,Brazil,Pistachio,0,1,0,16626.0
Sara,Cain,201.27,Norway,Vanilla,0,8,1,12030.0
Brandon,Hunter,142.45,France,Strawberry,0,6,0,14350.0
Andrew,Sparks,170.79,Finland,Mint,1,3,1,17573.0
Kristie,Noble,201.28,Italy,Strawberry,1,9,0,8191.0
Louis,Garcia,185.67,Finland,Strawberry,0,6,1,12461.0
Eugene,Lopez,203.94,Canada,Stracciatella,1,2,0,12044.0
Theodore,Wyatt,159.18,UK,Stracciatella,1,5,1,18017.0
Kellie,Cochran,194.39,Norway,Mint,0,9,1,10311.0
Dwayne,Ponce,154.19,Norway,Pistachio,0,4,0,10533.0
Anita,Pruitt,135.67,Brazil,Stracciatella,1,8,1,18117.0
Alison,Bryan,196.72,China,Strawberry,1,0,1,3586.0
Nicholas,Molina,185.33,USA,Vanilla,1,3,1,18806.0
Phillip,Harper,205.77,France,Mint,1,8,1,11659.0
Megan,Fisher,155.34,China,Mint,1,6,0,12762.0
Suzanne,Schneider,150.6,Denmark,Pistachio,1,0,1,6627.0
Nicole,Franco,193.25,USA,Vanilla,0,3,0,14146.0
Greg,Adams,157.7,Sweden,Pistachio,0,5,0,7303.0
Jonathan,Pacheco,166.63,Finland,Stracciatella,1,3,1,6006.0
Nina,Evans,147.93,Germany,Pistachio,0,2,1,10446.0
Ethan,Benjamin,181.05,Germany,Vanilla,1,0,0,14686.0
Darlene,Woods,188.37,Finland,Vanilla,0,2,0,4541.0
Sandra,Bonilla,174.4,Finland,Strawberry,1,7,0,8593.0
Sharon,Griffin,174.71,UK,Strawberry,0,7,1,16713.0
Lee,Hayes,169.87,USA,Stracciatella,0,9,1,7210.0
Jonathon,Morrow,192.92,Italy,Chocolate,1,0,1,16874.0
Sean,Kline,201.47,Finland,Vanilla,1,2,1,10667.0
Austin,Sparks,151.11,UK,Vanilla,0,5,1,15283.0
Carrie,Peters,193.47,Germany,Stracciatella,0,7,0,12676.0
Randall,Hawkins,196.38,Denmark,Chocolate,1,1,0,16343.0
Joe,Wallace,195.42,France,Strawberry,1,8,1,17410.0
Paige,Oneal,181.77,UK,Mint,1,1,1,2328.0
Jason,Burns,196.53,Brazil,Stracciatella,1,2,1,13582.0
Hannah,Kennedy,171.81,Germany,Chocolate,1,3,0,12671.0
Stephanie,Roman,187.96,Australia,Mint,0,4,0,3045.0
Heidi,Murphy,170.47,Germany,Strawberry,0,9,1,10776.0
Nicholas,Duke,138.44,USA,Chocolate,1,8,1,16764.0
Henry,Meyer,160.78,Japan,Mint,1,0,1,5856.0
Billy,Huynh,179.42,France,Chocolate,0,1,1,3535.0
Courtney,Benjamin,207.32,Japan,Stracciatella,0,8,0,2367.0
Jill,Gordon,198.22,Canada,Pistachio,0,9,0,1969.0
Sonya,Werner,135.75,Denmark,Chocolate,1,0,1,18350.0
Nathaniel,Winters,138.15,USA,Chocolate,1,2,1,5100.0
Samantha,Castro,185.59,Germany,Strawberry,1,4,0,7146.0
Tanya,Mays,190.51,Canada,Mint,1,2,1,11811.0
Sonya,Bond,201.55,Brazil,Stracciatella,1,6,1,16763.0
Jose,Crawford,202.56,UK,Pistachio,1,0,1,16568.0
Jared,Calderon,200.85,USA,Pistachio,0,0,0,18042.0
Selena,Figueroa,142.96,Japan,Stracciatella,0,9,0,2798.0
Valerie,Rose,179.28,Japan,Chocolate,0,9,1,12145.0
Ian,Atkinson,198.95,Australia,Vanilla,0,7,0,9457.0
Karen,Hancock,138.26,Brazil,Stracciatella,1,4,0,16884.0
Steve,King,194.38,Brazil,Chocolate,1,7,0,13397.0
Francisco,Myers,177.13,Denmark,Strawberry,0,3,0,2483.0
Joel,Welch,182.11,Sweden,Stracciatella,0,1,1,16370.0
Kristie,Carr,197.75,Canada,Pistachio,1,8,1,13122.0
Annette,Keith,190.51,Canada,Vanilla,1,5,0,17655.0
Dwayne,Mcdaniel,179.3,Australia,Vanilla,0,0,0,6033.0
Andrew,Bishop,187.97,Finland,Vanilla,0,6,0,6327.0
Jenny,Love,163.82,Finland,Stracciatella,1,0,1,14088.0
Kristi,Crane,178.89,Canada,Strawberry,0,1,0,6615.0
Luke,Cobb,146.69,Canada,Chocolate,0,5,1,4172.0
Jake,King,190.79,Germany,Chocolate,1,7,0,6688.0
Shawna,Moody,151.92,Norway,Mint,1,9,0,11037.0
Darren,Moon,161.0,Sweden,Vanilla,1,1,1,5588.0
Troy,Mcdowell,166.67,Norway,Chocolate,0,1,0,2813.0
Rodney,Mcintosh,146.35,Sweden,Vanilla,1,4,1,6168.0
Paul,Atkinson,148.3,USA,Pistachio,0,4,0,8331.0
Seth,Hodges,179.46,Australia,Chocolate,1,7,0,9251.0
Megan,Carr,187.44,USA,Pistachio,1,6,1,6755.0
Jackie,Ross,180.17,Canada,Strawberry,0,8,1,13818.0
Audrey,Hurley,143.31,China,Vanilla,0,7,0,17170.0
Ronnie,Rojas,152.73,Australia,Stracciatella,1,6,0,16363.0
Billy,Bennett,161.29,Germany,Pistachio,1,5,1,9625.0
Wendy,Dean,189.9,UK,Stracciatella,1,0,1,9953.0
Briana,Small,197.63,USA,Strawberry,0,8,1,1926.0
Aaron,Sanders,202.03,Brazil,Stracciatella,1,2,0,16179.0
Sheri,Green,189.25,France,Stracciatella,1,1,1,3908.0
Janet,Stein,178.37,Japan,Chocolate,1,3,1,12623.0
Cassandra,Bennett,187.33,France,Strawberry,0,5,0,7510.0
Kevin,Garcia,170.15,Canada,Mint,1,6,0,15263.0
Erin,Perez,163.3,Sweden,Strawberry,1,3,1,16624.0
Julie,Park,151.72,Italy,Pistachio,1,4,0,9617.0
Colin,Wade,173.2,Australia,Pistachio,0,2,0,8497.0
Molly,Prince,150.14,Brazil,Stracciatella,1,0,0,12297.0
Kimberly,Blankenship,194.98,USA,Vanilla,0,9,1,3813.0
Manuel,Soto,197.07,China,Pistachio,1,8,1,2214.0
Cameron,Pham,134.97,USA,Stracciatella,1,6,1,2144.0
Mckenzie,Chen,154.47,Italy,Strawberry,0,6,1,16412.0
Michele,Guzman,162.38,Brazil,Vanilla,0,3,1,4798.0
Dustin,Duke,194.58,UK,Strawberry,0,5,0,16265.0
Lori,Ramsey,176.87,Denmark,Mint,0,1,1,5799.0
Dustin,Keith,171.57,France,Chocolate,0,2,0,8317.0
Manuel,Wilkins,195.16,Canada,Stracciatella,0,7,1,13239.0
Kristie,Pratt,190.68,UK,Vanilla,0,3,0,18361.0
Carl,Tate,158.12,Canada,Stracciatella,0,0,1,15298.0
Diane,Ramsey,206.19,Japan,Mint,0,7,1,12073.0
Dylan,Townsend,200.62,Brazil,Pistachio,0,4,1,14781.0
Sandra,Black,138.24,Germany,Stracciatella,0,5,0,8113.0
Jeanne,Keith,153.43,Italy,Pistachio,0,7,1,10720.0
Jimmy,Haley,173.55,Canada,Strawberry,0,3,0,16155.0
Sharon,Spencer,181.25,Denmark,Mint,0,3,0,4939.0
Katherine,Wright,147.11,UK,Chocolate,0,8,1,11784.0
Alexandra,Burgess,174.23,Australia,Strawberry,0,9,0,11962.0
Dana,Fisher,151.58,Japan,Pistachio,0,5,1,7377.0
Greg,Boone,170.27,Germany,Vanilla,0,2,0,18367.0
Morgan,Fitzgerald,151.21,Sweden,Vanilla,1,5,1,1393.0
Lee,Acosta,187.95,Japan,Pistachio,1,7,0,1943.0
Kristie,Chambers,153.12,Italy,Mint,0,1,0,15718.0
Brenda,Espinoza,140.75,Sweden,Pistachio,0,7,0,2122.0
Evan,Braun,187.44,Norway,Chocolate,0,9,1,11419.0
Kristin,Reyes,194.94,Italy,Mint,1,0,1,1143.0
Hector,Shaffer,191.08,Canada,Strawberry,1,3,1,6172.0
Jenna,Huynh,149.96,Norway,Strawberry,1,3,1,4560.0
Donna,Matthews,169.53,Denmark,Stracciatella,0,2,1,17191.0
Bobby,Wolf,206.38,Australia,Stracciatella,0,4,0,5993.0
Sherry,Mcbride,184.5,Australia,Stracciatella,1,0,0,3964.0
Darrell,Solomon,183.47,China,Vanilla,0,6,1,5318.0
Alan,Robertson,168.59,Finland,Vanilla,1,7,1,5437.0
Rebecca,Simon,181.89,France,Chocolate,1,9,1,3959.0
Hayden,Valdez,179.24,Denmark,Pistachio,0,0,1,5592.0
Dominique,Durham,175.54,UK,Mint,0,6,1,7051.0
Tammy,Lynch,142.85,UK,Chocolate,1,3,1,15795.0
Jake,Hawkins,137.48,Italy,Pistachio,0,9,1,9197.0
Jamie,Campbell,189.27,Germany,Pistachio,1,6,0,12885.0
Sandy,Hernandez,148.76,Canada,Stracciatella,1,7,1,2686.0
Rose,Ryan,175.34,France,Stracciatella,0,1,0,7585.0
Paula,Vega,143.84,Australia,Chocolate,0,5,0,17702.0
Yolanda,Orr,200.67,USA,Strawberry,1,7,1,7015.0
Nancy,Warren,137.72,UK,Chocolate,1,4,1,16479.0
Frederick,Mercer,162.02,UK,Strawberry,0,1,0,18066.0
Jane,Graham,188.98,Germany,Vanilla,1,8,0,8674.0
Jonathan,Patton,165.98,Canada,Pistachio,0,4,1,6931.0
Sarah,Sharp,164.67,Norway,Mint,0,9,0,18236.0
Phillip,Stokes,135.01,Sweden,Strawberry,1,3,0,9855.0
Stephanie,Dunn,187.2,Japan,Mint,0,9,0,11794.0
Andrew,Romero,185.24,France,Stracciatella,1,4,1,13404.0
Cindy,Hart,155.07,Sweden,Chocolate,0,4,1,11919.0
Shelly,Booth,154.24,Denmark,Strawberry,1,9,1,18422.0
Gloria,Johnston,167.61,Finland,Vanilla,1,9,1,7878.0
Dylan,Small,174.29,Canada,Strawberry,0,2,0,17470.0
Daniel,Pearson,199.07,Brazil,Strawberry,1,9,1,1521.0
Jane,Palmer,146.2,France,Stracciatella,1,4,0,17507.0
Kara,Shaw,167.94,Denmark,Strawberry,1,7,1,10169.0
Veronica,French,145.13,Brazil,Pistachio,0,0,0,18363.0
Kelly,Duarte,201.17,Australia,Stracciatella,1,6,0,10298.0
Meghan,Frey,185.62,Australia,Vanilla,1,4,1,4904.0
Lorraine,Benton,142.75,Sweden,Stracciatella,0,2,1,14683.0
Rebekah,Roberson,200.77,Australia,Chocolate,1,9,0,1786.0
Rodney,Cuevas,145.71,Italy,Strawberry,1,4,1,9833.0
Jared,Frederick,136.57,Sweden,Stracciatella,1,3,0,3348.0
Renee,Williamson,189.7,Canada,Pistachio,0,7,0,16805.0
Gabriel,Holland,198.75,Italy,Strawberry,1,8,1,7021.0
Brett,Pruitt,202.98,Sweden,Mint,0,3,1,10863.0
Ronnie,Garcia,134.27,Canada,Strawberry,0,6,0,2033.0
Hector,Long,165.53,Germany,Chocolate,0,7,1,1267.0
Kathleen,Burgess,202.05,Germany,Strawberry,0,2,1,13823.0
Scott,Jensen,143.57,Denmark,Chocolate,1,0,0,11003.0
Makayla,Odonnell,164.2,China,Vanilla,0,0,1,16645.0
Manuel,Kirk,198.14,Sweden,Chocolate,0,9,1,8579.0
Patricia,Ritter,189.33,Finland,Chocolate,0,2,1,9222.0
Bridget,Cuevas,154.1,France,Pistachio,0,3,1,14814.0
Susan,Holmes,187.41,Canada,Pistachio,1,7,0,3868.0
Scott,Walton,144.76,Finland,Chocolate,0,3,0,3655.0
Leonard,Conner,134.29,UK,Pistachio,1,0,0,8250.0
Collin,Bean,182.45,Germany,Chocolate,1,8,0,3483.0
Breanna,Herring,187.63,Japan,Vanilla,1,8,1,3132.0
Bradley,Johnston,162.92,Japan,Strawberry,1,7,0,14123.0
Christopher,Kline,196.97,USA,Mint,1,8,0,14458.0
Cassie,Wright,141.24,Denmark,Strawberry,0,7,0,16540.0
Garrett,Neal,134.82,Japan,Stracciatella,1,0,0,4198.0
Kristie,Villarreal,152.83,USA,Mint,0,1,1,11131.0
George,Morton,184.4,Australia,Stracciatella,1,9,1,4644.0
Ryan,Garcia,143.36,Japan,Chocolate,1,4,1,10794.0
Kristi,Padilla,150.4,USA,Chocolate,1,3,0,2960.0
Ethan,Olson,147.97,Japan,Stracciatella,1,9,1,14570.0
Sonya,Diaz,194.87,Brazil,Chocolate,0,9,0,6796.0
Philip,Robinson,170.48,Canada,Stracciatella,1,0,0,8565.0
Ruben,Valdez,147.15,Sweden,Stracciatella,1,7,1,2689.0
Terri,Harvey,138.06,UK,Chocolate,1,5,1,1889.0
Leonard,Vincent,145.35,Brazil,Vanilla,0,4,0,18212.0
Dustin,Silva,166.4,UK,Strawberry,0,8,1,4788.0
Kristina,Patterson,164.93,Germany,Stracciatella,0,6,0,7893.0
Alexander,Arnold,197.75,China,Pistachio,1,3,1,9262.0
Matthew,Curtis,155.57,Canada,Mint,0,2,1,17051.0
Carolyn,Cohen,198.65,Finland,Pistachio,1,2,0,17035.0
Beverly,Dorsey,146.64,Germany,Vanilla,1,1,0,13393.0
Denise,Young,177.3,China,Strawberry,0,4,1,5741.0
Jenny,Arnold,206.17,Sweden,Chocolate,0,0,0,15480.0
Gabriel,Foster,186.83,Japan,Chocolate,0,4,0,17451.0
Michael,Baldwin,162.87,Sweden,Chocolate,1,6,1,8020.0
Angela,Morgan,181.19,USA,Strawberry,1,4,0,5943.0
Dakota,Berry,153.01,Finland,Stracciatella,1,6,0,6174.0
Victoria,Harmon,168.0,Brazil,Stracciatella,1,6,1,12817.0
Gerald,Mays,162.34,Japan,Mint,1,8,0,9874.0
Ronald,Thomas,137.46,Australia,Pistachio,1,0,1,1469.0
Collin,Gill,150.98,Italy,Vanilla,0,1,1,12560.0
Kathleen,Gould,202.72,Norway,Mint,1,8,0,4786.0
Timothy,Lopez,143.45,Germany,Stracciatella,1,0,1,4907.0
Renee,Holt,148.39,UK,Vanilla,1,0,0,15711.0
Desiree,Cox,197.4,Finland,Stracciatella,0,6,0,1744.0
Kristin,Mejia,198.54,Denmark,Chocolate,0,0,1,16041.0
Veronica,Oconnor,136.48,Norway,Vanilla,0,7,0,2726.0
Melanie,Hill,204.24,Canada,Vanilla,1,0,1,5448.0
Drew,Knight,198.91,Brazil,Strawberry,1,6,0,14014.0
Francisco,Sparks,177.86,Australia,Pistachio,1,0,0,5812.0
Nina,Williamson,137.18,Japan,Mint,0,7,1,12216.0
Theodore,Byrd,204.67,Japan,Pistachio,0,4,0,12784.0
Nicholas,Lynch,203.35,UK,Pistachio,1,0,0,1903.0
Lucas,Byrd,183.54,Canada,Mint,1,0,1,2762.0
Donald,Nunez,182.13,USA,Stracciatella,1,4,1,9224.0
Alexa,Bush,185.82,China,Stracciatella,0,1,0,15114.0
Jason,Wells,181.96,Finland,Stracciatella,1,5,0,6908.0
Ann,Rangel,145.44,Canada,Stracciatella,1,3,0,3820.0
Katherine,Butler,167.49,Finland,Mint,0,0,0,1733.0
Spencer,Sanders,156.09,Sweden,Mint,1,7,0,11624.0
Kylie,Richardson,200.36,Japan,Mint,0,1,1,14639.0
Debbie,Ochoa,141.32,Finland,Chocolate,0,6,1,12327.0
Marilyn,Briggs,139.09,Sweden,Stracciatella,1,5,0,6426.0
Martha,Howard,154.38,China,Chocolate,1,5,0,18318.0
Kendra,Jefferson,202.52,Norway,Stracciatella,0,8,1,14111.0
Drew,Velazquez,142.61,China,Stracciatella,1,6,1,4636.0
Douglas,Watkins,182.17,Sweden,Strawberry,0,6,0,1787.0
Selena,Dawson,181.08,Sweden,Chocolate,1,4,0,16724.0
Paul,Solis,183.6,Canada,Strawberry,1,4,0,3787.0
Keith,Barker,137.26,USA,Stracciatella,0,3,0,4502.0
Wesley,Holmes,200.07,Australia,Chocolate,1,6,1,17606.0
Angelica,Morales,175.02,Denmark,Stracciatella,1,9,1,1527.0
James,Jennings,167.08,Brazil,Stracciatella,0,3,0,11844.0
Derek,Coleman,137.87,Italy,Pistachio,0,2,1,3781.0
Krista,Figueroa,188.54,Finland,Stracciatella,1,2,0,15970.0
Danielle,Lawson,172.21,France,Chocolate,1,9,1,4833.0
Mark,Kelly,158.47,Norway,Pistachio,0,5,0,3515.0
Chad,Fisher,206.68,Sweden,Mint,0,6,0,15659.0
Kyle,Evans,136.89,Canada,Stracciatella,0,4,0,3528.0
Debra,Lewis,199.44,Japan,Stracciatella,1,6,0,10158.0
Willie,Cooper,189.06,Norway,Chocolate,1,6,0,11083.0
Frank,Hines,160.47,Canada,Pistachio,0,6,0,5341.0
Ray,Holmes,134.48,Sweden,Stracciatella,0,4,0,17572.0
Ruben,Taylor,140.05,Sweden,Pistachio,0,0,0,6607.0
Deanna,Sawyer,138.36,Denmark,Strawberry,0,8,1,1038.0
Joseph,Garner,175.56,Finland,Chocolate,1,2,0,16167.0
Tiffany,Solomon,198.75,Japan,Strawberry,1,2,1,13287.0
Cody,Lang,184.65,China,Stracciatella,1,6,1,17449.0
Erin,Barker,168.02,Finland,Mint,1,2,1,16868.0
Shelly,Morrison,181.81,Denmark,Vanilla,1,3,0,7674.0
Ricky,Montgomery,203.92,Japan,Chocolate,1,8,0,15795.0
Billy,Jefferson,157.67,Germany,Strawberry,1,5,1,15226.0
Eugene,Hale,189.99,France,Vanilla,0,1,1,18158.0
Claudia,Carpenter,206.97,China,Stracciatella,1,1,0,15313.0
Christy,Gonzales,147.19,Sweden,Strawberry,1,8,1,13088.0
Dennis,Marshall,167.31,Japan,Mint,1,8,0,17120.0
Christina,Conrad,178.16,Denmark,Vanilla,0,3,0,10055.0
Jenna,Lowery,168.95,Germany,Chocolate,1,1,1,4065.0
Colleen,Marshall,194.03,UK,Pistachio,1,8,0,12516.0
Louis,Richards,184.78,Germany,Pistachio,0,3,0,15040.0
Melissa,Frederick,185.3,USA,Pistachio,1,6,0,11458.0
Barry,Wise,191.39,Canada,Pistachio,0,0,0,16040.0
Mckenzie,Ross,147.9,Brazil,Stracciatella,1,0,1,3237.0
Derek,Reeves,161.3,Brazil,Vanilla,1,1,1,11744.0
Perry,Ballard,164.5,Japan,Chocolate,1,3,1,10744.0
Perry,Miller,143.15,Australia,Vanilla,1,4,1,8843.0
Ricky,Huber,154.28,UK,Vanilla,0,1,0,8602.0
Tamara,Valdez,158.37,Japan,Chocolate,0,0,0,16596.0
Isabella,Molina,161.86,Denmark,Chocolate,0,6,0,8355.0
Danielle,Bennett,162.57,Germany,Vanilla,1,8,1,13788.0
Debra,Sparks,157.72,Australia,Pistachio,0,3,0,13973.0
Sheila,Aguirre,144.2,France,Mint,1,0,0,5993.0
Cassandra,Dudley,161.81,Brazil,Chocolate,1,2,1,17077.0
Dominique,Wu,138.65,Canada,Chocolate,1,5,0,13570.0
Brittany,Berger,193.48,Sweden,Pistachio,1,7,0,16086.0
Christina,Lawrence,164.04,Australia,Stracciatella,0,1,0,5146.0
Aaron,Rowe,192.0,Japan,Strawberry,1,6,0,5216.0
Lori,Bond,175.36,Brazil,Pistachio,1,2,1,18500.0
Theodore,Jimenez,149.4,France,Strawberry,0,8,0,5268.0
Kylie,Kramer,207.13,USA,Stracciatella,0,0,0,16454.0
Rachel,Howe,158.56,USA,Vanilla,0,8,1,6916.0
Lonnie,Rivera,169.25,France,Chocolate,1,5,1,18095.0
Felicia,Larsen,168.89,Canada,Stracciatella,0,9,1,9237.0
Misty,Gutierrez,181.65,Canada,Vanilla,1,2,0,10915.0
Allison,Byrd,189.07,Italy,Mint,1,1,1,9694.0
Desiree,Curtis,179.02,Germany,Chocolate,0,5,1,17949.0
Jeanne,Park,140.35,Denmark,Mint,0,4,0,13583.0
Henry,Powell,181.6,Canada,Mint,0,7,0,11358.0
Tommy,Arnold,205.5,Japan,Mint,0,7,1,11892.0
Ronald,Roberts,134.73,Canada,Pistachio,0,3,1,18428.0
Rodney,Olson,195.89,Australia,Chocolate,1,5,1,4390.0
Rita,Gonzalez,150.58,Japan,Pistachio,1,9,0,8731.0
Cody,Logan,199.24,Finland,Pistachio,1,9,1,16128.0
Jason,Dominguez,180.73,China,Chocolate,0,9,0,7927.0
Michelle,Long,174.47,Norway,Stracciatella,0,8,1,14908.0
Paige,Harrison,156.1,Canada,Vanilla,1,9,0,15576.0
Amy,Aguilar,173.45,UK,Mint,0,7,0,3456.0
Christina,Herman,179.18,Japan,Pistachio,1,8,1,15999.0
Annette,Diaz,177.62,France,Strawberry,0,4,0,3037.0
Kathy,Dodson,133.92,Australia,Vanilla,0,8,1,13287.0
Alec,Zuniga,146.01,Denmark,Vanilla,1,9,1,4867.0
Collin,Mercer,192.53,Sweden,Vanilla,1,6,1,1325.0
Jeremiah,Mann,159.25,France,Vanilla,1,9,0,17869.0
Kara,Gonzales,188.13,Brazil,Strawberry,0,7,0,3823.0
Sara,Young,206.46,Japan,Chocolate,1,2,0,10573.0
Dawn,Fitzgerald,161.74,France,Vanilla,0,6,1,2409.0
Luke,Wiggins,134.08,USA,Vanilla,1,6,0,14473.0
Michael,Cooley,195.56,Sweden,Chocolate,1,4,0,17100.0
Jose,Butler,138.33,China,Mint,1,6,0,10282.0
Sergio,Chambers,136.91,Australia,Strawberry,1,5,0,12236.0
Dwayne,Gill,139.74,Brazil,Strawberry,1,2,0,8775.0
Rodney,White,169.17,France,Strawberry,1,4,0,15068.0
Clinton,Wise,170.14,USA,Strawberry,1,2,1,15141.0
Felicia,Ballard,170.15,China,Chocolate,1,1,0,1931.0
Angela,Gill,155.47,Canada,Stracciatella,0,1,0,1711.0
Brett,Irwin,207.66,Italy,Chocolate,0,3,0,7597.0
Courtney,Knight,151.84,France,Vanilla,1,8,0,17143.0
Todd,Walter,149.5,UK,Strawberry,1,9,1,8713.0
Colin,Morse,172.11,Japan,Stracciatella,0,7,0,11136.0
Kristina,Franklin,176.01,Australia,Vanilla,1,1,1,13035.0
Bryan,Edwards,204.28,Japan,Pistachio,1,8,0,15110.0
Tracy,Merritt,150.68,China,Strawberry,0,2,0,14789.0
Luis,Dean,147.0,UK,Pistachio,0,9,0,3988.0
Jorge,Townsend,164.39,Brazil,Stracciatella,0,3,0,9242.0
Brett,Huynh,184.15,USA,Pistachio,0,7,0,1002.0
Toni,Bradshaw,161.53,Brazil,Vanilla,1,7,0,2591.0
Yolanda,Kline,148.23,Finland,Stracciatella,0,0,1,1528.0
Ashlee,Orr,133.88,Sweden,Strawberry,0,7,1,4798.0
Keith,Francis,157.5,Italy,Vanilla,0,1,0,2864.0
Felicia,Rich,147.85,Finland,Pistachio,0,5,0,5829.0
Hailey,Franklin,183.85,Germany,Chocolate,0,7,1,3917.0
Spencer,Short,150.48,Italy,Vanilla,0,4,0,2175.0
Jillian,Bean,153.21,Finland,Pistachio,0,2,0,6645.0
Ronald,Long,150.02,Canada,Stracciatella,1,4,1,10640.0
Nathan,Pearson,201.2,Germany,Stracciatella,0,7,0,3373.0
Lindsey,Turner,175.59,Germany,Pistachio,0,1,1,13951.0
Allison,Simon,172.49,UK,Stracciatella,1,7,1,1639.0
Ashley,Garner,189.83,Italy,Vanilla,1,8,1,13758.0
Natasha,Barker,146.46,Denmark,Strawberry,1,3,1,8694.0
Kari,Edwards,188.18,France,Pistachio,1,1,0,8206.0
Brooke,Walters,184.93,China,Strawberry,0,4,1,7712.0
Toni,Morrow,181.53,Germany,Mint,0,8,0,13002.0
Charlotte,Moody,141.01,China,Pistachio,0,2,0,10135.0
Billy,Larson,185.91,France,Stracciatella,1,1,1,11056.0
Terri,Vega,138.29,Sweden,Mint,1,8,0,9192.0
Alicia,Atkinson,160.63,Canada,Stracciatella,1,5,1,10769.0
Misty,Prince,182.45,Germany,Mint,1,5,1,3603.0
Elizabeth,Vasquez,203.73,UK,Chocolate,0,6,0,6334.0
Cynthia,Wilkins,158.85,Sweden,Strawberry,1,5,1,7891.0
Tom,Soto,197.03,Italy,Pistachio,1,0,0,18765.0
Timothy,Blankenship,173.8,Brazil,Strawberry,1,5,1,17357.0
Evan,Cantu,201.68,Brazil,Vanilla,0,8,1,14306.0
Kevin,Mann,153.83,Finland,Stracciatella,0,6,0,1647.0
Christine,Adams,136.88,Brazil,Vanilla,1,5,0,2735.0
Lee,Rios,168.17,UK,Mint,0,6,1,8246.0
Aaron,Maddox,149.69,Japan,Pistachio,0,0,0,3654.0
Daniel,Hodges,160.98,Denmark,Chocolate,0,5,1,10764.0
Pam,Rose,147.36,France,Mint,0,9,1,4663.0
Mark,Gibson,177.82,UK,Pistachio,0,0,0,9007.0
Troy,Hicks,187.87,France,Vanilla,1,3,0,7316.0
Dennis,Kirby,146.89,Italy,Stracciatella,1,0,1,3694.0
Margaret,Solis,204.69,Japan,Vanilla,1,6,0,5578.0
Tammy,Bender,147.66,France,Vanilla,1,9,1,15224.0
Wendy,Hickman,166.37,Australia,Pistachio,1,5,1,1528.0
Ronald,Martin,143.24,Sweden,Strawberry,0,7,1,12744.0
Kara,Oliver,202.69,UK,Chocolate,1,1,1,8290.0
Lindsay,Matthews,204.09,Canada,Pistachio,1,8,0,2108.0
Theodore,Solomon,136.31,Denmark,Pistachio,0,3,1,1238.0
Nina,Kirby,182.2,Italy,Stracciatella,0,7,0,5084.0
Anthony,Williams,144.51,Sweden,Chocolate,0,5,0,18772.0
Molly,Saunders,153.66,Norway,Stracciatella,0,2,0,11326.0
Dana,Sosa,177.44,China,Pistachio,1,7,0,8202.0
Kaitlyn,Bryant,179.0,Denmark,Strawberry,1,3,0,11259.0
Casey,Valdez,194.29,USA,Strawberry,0,5,1,12554.0
Kiara,Fletcher,206.05,Japan,Mint,0,5,1,12893.0
Nina,Morales,206.84,Japan,Stracciatella,0,3,0,7264.0
Keith,Peterson,207.69,France,Mint,1,6,0,11018.0
James,Armstrong,187.04,Sweden,Pistachio,0,5,1,14601.0
Barbara,Stafford,186.17,China,Vanilla,0,6,0,1558.0
Gloria,Oneal,180.61,Germany,Stracciatella,0,2,1,8743.0
Beverly,Torres,144.21,Canada,Vanilla,1,3,0,1252.0
Cody,Glenn,206.71,Finland,Mint,1,5,1,4999.0
Larry,Briggs,150.3,Italy,Chocolate,1,9,0,18248.0
Greg,Mcdowell,185.47,Sweden,Mint,0,9,0,13801.0
Angela,Barron,179.18,France,Stracciatella,1,9,0,15761.0
Rose,Cantrell,170.26,USA,Mint,0,3,0,10213.0
Caleb,Bonilla,145.74,Japan,Vanilla,0,9,0,11972.0
Johnathan,Schmitt,166.71,Germany,Vanilla,1,5,0,3345.0
Kristin,Rios,173.11,Australia,Vanilla,0,3,1,18006.0
Patrick,Jefferson,160.22,Japan,Vanilla,1,5,1,6433.0
Nathaniel,Oconnor,173.07,USA,Vanilla,0,1,0,2329.0
Adam,Kramer,146.25,France,Pistachio,0,9,0,8765.0
Donna,Norton,184.85,Sweden,Pistachio,1,5,0,17415.0
Caleb,Dudley,156.96,Norway,Stracciatella,0,7,0,6584.0
Jason,Macdonald,147.32,Brazil,Pistachio,0,9,1,16577.0
Ruth,Booth,190.63,USA,Chocolate,1,6,0,1004.0
Kenneth,Ramos,188.48,Germany,Mint,0,2,0,2754.0
Leslie,Dorsey,192.74,Norway,Pistachio,0,1,1,13922.0
Matthew,Duran,179.35,Italy,Pistachio,1,5,0,12891.0
Karen,Anderson,158.64,Sweden,Pistachio,0,2,0,11436.0
Sheila,Kim,196.8,Denmark,Chocolate,0,5,0,10418.0
Laura,Montgomery,203.66,Japan,Chocolate,1,9,1,6513.0
Renee,Chavez,206.51,China,Mint,0,4,1,9163.0
Madison,Kelly,136.45,Sweden,Mint,1,5,0,9410.0
Jill,Sandoval,194.94,Denmark,Vanilla,1,0,0,8093.0
Michele,Clements,157.59,USA,Pistachio,0,1,1,1252.0
Nathan,Nelson,187.64,Norway,Pistachio,1,8,1,6855.0
Brooke,Tran,159.18,UK,Chocolate,0,3,0,17648.0
Leslie,Chen,195.62,Canada,Stracciatella,1,4,0,7133.0
Kendra,Prince,165.49,Canada,Stracciatella,0,9,1,2048.0
Deborah,Hoover,153.79,Australia,Pistachio,0,5,0,11120.0
Maurice,Hansen,153.1,Denmark,Stracciatella,1,9,1,3786.0
Dakota,Wilkins,171.3,Denmark,Pistachio,0,0,0,13589.0
Anthony,Weaver,147.71,Norway,Vanilla,0,6,0,4517.0
Erika,Moody,139.52,Italy,Pistachio,1,6,0,8753.0
Robert,Cohen,190.9,Norway,Vanilla,1,8,1,10769.0
Lucas,Schneider,145.26,France,Pistachio,0,9,1,9685.0
Charles,Lewis,160.7,Brazil,Strawberry,1,0,1,13195.0
Jonathan,Castro,186.25,Germany,Strawberry,0,3,1,15541.0
Allen,Merritt,172.72,Italy,Vanilla,1,8,0,4031.0
Jimmy,Vega,170.34,Sweden,Stracciatella,1,2,0,13829.0
Johnathan,Mccall,203.69,Brazil,Pistachio,0,2,1,5261.0
Breanna,Hoffman,169.73,Germany,Mint,0,0,1,14648.0
Keith,Snyder,201.62,USA,Chocolate,0,3,0,2766.0
Casey,Harrison,197.7,Brazil,Chocolate,1,9,0,8112.0
Zachary,Hart,174.7,Denmark,Stracciatella,1,0,1,11629.0
Christina,Davidson,202.08,China,Mint,1,8,0,16729.0
Laura,Cardenas,197.84,Japan,Vanilla,0,8,1,12467.0
Stephanie,Ortiz,141.34,Germany,Strawberry,0,6,1,14554.0
Jeanne,Sandoval,151.47,China,Chocolate,1,8,0,6133.0
Kim,Buckley,158.2,UK,Mint,1,0,1,1264.0
Andrew,Powers,154.87,Canada,Pistachio,1,3,1,8385.0
Peter,Richmond,184.59,Denmark,Mint,1,2,0,9639.0
Annette,Erickson,169.01,Italy,Mint,1,6,0,13168.0
Tina,Hoover,142.57,Brazil,Pistachio,0,1,1,16018.0
Alison,Mayo,165.16,Canada,Strawberry,1,9,0,14562.0
Karen,Noble,136.37,China,Stracciatella,1,5,1,8307.0
Lindsay,Waller,196.81,Japan,Mint,0,0,0,16299.0
Briana,Peterson,138.41,USA,Chocolate,1,5,0,3287.0
Diana,Rosales,184.84,USA,Strawberry,0,7,0,14823.0
Jenna,Willis,175.84,Finland,Chocolate,0,0,1,9945.0
Hunter,Hendrix,196.56,USA,Strawberry,1,6,1,16951.0
Christy,Walter,200.92,UK,Vanilla,1,0,1,7305.0
Holly,Murphy,149.6,Denmark,Strawberry,0,2,0,8341.0
Laura,Ramirez,153.33,Finland,Pistachio,0,4,0,6176.0
Ray,Patton,155.73,Norway,Stracciatella,1,5,0,1028.0
Linda,Riley,151.51,Japan,Mint,1,9,1,9555.0
Melanie,Byrd,159.24,Italy,Chocolate,1,1,0,5651.0
Michael,Cobb,153.4,Sweden,Vanilla,1,3,1,12875.0
Molly,Lynch,171.35,Brazil,Mint,1,0,1,12191.0
Jillian,Campbell,137.52,Norway,Strawberry,1,7,0,15979.0
Alan,Bush,141.45,Italy,Pistachio,0,7,0,18044.0
Kimberly,Frank,191.04,USA,Pistachio,1,8,0,8710.0
Lynn,Owens,135.18,Sweden,Chocolate,1,3,1,2426.0
Lucas,Manning,202.23,Finland,Stracciatella,0,3,0,16358.0
Jillian,Jefferson,174.71,Norway,Pistachio,0,8,1,16951.0
Breanna,Wright,190.1,Japan,Vanilla,1,5,1,18443.0
Mark,Benjamin,155.85,USA,Mint,0,8,0,14573.0
Darrell,Howard,194.81,Finland,Mint,1,8,0,10911.0
Terri,Gonzales,189.82,Australia,Mint,0,6,0,17413.0
Angelica,Booth,149.33,China,Pistachio,0,3,0,16227.0
Audrey,Townsend,183.42,USA,Stracciatella,0,1,0,7422.0
Russell,Higgins,175.56,USA,Mint,0,0,1,10120.0
Rachel,Wagner,177.59,China,Pistachio,0,7,1,2606.0
Natasha,Miller,158.15,Norway,Pistachio,1,1,0,10495.0
Martha,George,175.58,Germany,Chocolate,0,7,0,12166.0
Vanessa,Morris,142.48,Italy,Chocolate,1,9,0,2583.0
John,George,164.82,Japan,Vanilla,1,2,0,10028.0
Aaron,Dominguez,136.02,Brazil,Vanilla,0,3,1,18139.0
Jenna,Livingston,152.02,Denmark,Pistachio,1,8,1,2803.0
Danny,Mcdaniel,160.77,Australia,Stracciatella,0,8,1,3593.0
Paige,Rose,138.18,Canada,Vanilla,0,9,1,18585.0
Sonya,Gomez,198.32,France,Mint,0,5,1,16947.0
Cassandra,Logan,170.28,Canada,Chocolate,0,9,1,15659.0
Gregory,Barker,166.3,France,Mint,1,2,1,3230.0
Teresa,Rogers,192.17,Norway,Chocolate,0,3,0,8703.0
Valerie,Padilla,161.86,Denmark,Vanilla,0,0,1,13015.0
Gordon,Silva,152.93,UK,Strawberry,0,8,0,2978.0
Kevin,Browning,182.39,Germany,Strawberry,1,7,0,6415.0
Lorraine,Barron,171.74,Brazil,Stracciatella,1,7,1,9663.0
Steven,Bradford,145.49,Canada,Vanilla,0,7,0,17707.0
Shannon,Sandoval,167.17,Finland,Mint,0,2,0,6196.0
Gordon,Wu,204.09,France,Pistachio,0,1,1,1715.0
Amy,Robertson,153.25,Japan,Stracciatella,0,1,1,1400.0
Teresa,Butler,174.72,France,Stracciatella,1,2,1,2599.0
Alex,Day,163.29,Australia,Mint,1,9,0,12603.0
Sharon,Powell,141.0,Brazil,Pistachio,1,2,1,15205.0
Isabella,Valencia,145.77,UK,Mint,1,5,0,3262.0
Jesse,Sandoval,189.65,UK,Chocolate,0,8,0,14279.0
Albert,Franco,145.26,Australia,Stracciatella,1,9,1,3598.0
Kristina,Cortez,143.21,Sweden,Mint,1,8,1,9167.0
Anthony,Jordan,192.12,Canada,Pistachio,1,0,0,8746.0
Holly,Barron,153.04,Italy,Mint,1,5,1,3388.0
Brianna,Hess,147.79,Finland,Stracciatella,0,1,0,6738.0
Lauren,Barry,195.94,France,Chocolate,1,7,0,5119.0
Brianna,Camacho,183.59,Finland,Mint,0,8,0,1534.0
Willie,Frye,144.71,Brazil,Stracciatella,1,3,1,12389.0
Sonya,Frye,159.96,Japan,Chocolate,1,1,1,17340.0
Anthony,Harrison,192.96,UK,Pistachio,0,7,0,12777.0
Nancy,Barton,144.87,Italy,Stracciatella,0,1,0,16141.0
Teresa,Reyes,138.61,Denmark,Mint,0,7,0,12728.0
Brent,Rich,169.92,Japan,Vanilla,0,8,0,18114.0
Sheila,Vaughn,198.73,Brazil,Stracciatella,0,1,0,5671.0
Amy,Edwards,199.02,China,Stracciatella,0,9,0,10189.0
Bobby,Johns,153.04,Finland,Mint,1,0,1,11214.0
Tanya,Glenn,171.57,Canada,Pistachio,1,2,1,1139.0
Anna,Green,170.71,Italy,Strawberry,1,2,1,13747.0
Natasha,Beck,138.14,Brazil,Mint,0,9,1,11739.0
Margaret,Herring,179.86,France,Strawberry,0,9,0,12533.0
Mike,Thomas,152.53,Japan,Stracciatella,1,3,0,4908.0
Zoe,Moran,181.14,USA,Stracciatella,1,6,1,17714.0
Robert,Cortez,166.01,Finland,Mint,1,6,0,3966.0
Brett,Lawson,175.43,USA,Mint,1,9,0,6087.0
Todd,Rios,149.55,Germany,Stracciatella,0,1,1,18259.0
Danielle,Mejia,188.73,Germany,Chocolate,1,1,0,14296.0
Gene,Cox,179.18,USA,Mint,1,1,0,2029.0
Sergio,Thomas,146.83,Canada,Pistachio,0,8,1,9737.0
Jose,French,168.59,Denmark,Pistachio,1,0,0,4156.0
Danny,Jacobs,151.79,Denmark,Stracciatella,1,9,1,16382.0
Scott,Skinner,194.41,Denmark,Stracciatella,1,2,0,13293.0
Yvonne,Smith,164.58,Australia,Pistachio,0,0,0,16253.0
Roger,Wang,145.03,USA,Strawberry,1,9,0,15177.0
Victoria,Bishop,206.33,Sweden,Pistachio,1,8,1,12874.0
Yvonne,Howe,155.96,France,Mint,0,1,0,10882.0
Frank,Nguyen,184.39,Italy,Chocolate,0,5,1,12553.0
Lawrence,Rivera,144.81,France,Stracciatella,1,7,1,16630.0
Brent,Larson,186.28,Brazil,Stracciatella,0,1,0,12748.0
Tina,Mcknight,175.24,Germany,Stracciatella,1,8,1,3873.0
Bob,Ramos,163.28,Japan,Chocolate,0,5,0,10032.0
Sandra,Delgado,194.21,Australia,Vanilla,1,7,1,13264.0
Patricia,Rios,203.03,Canada,Strawberry,0,3,1,11392.0
Manuel,Campbell,162.69,Japan,Mint,0,0,0,2237.0
William,Warren,192.34,Germany,Vanilla,1,1,1,5889.0
Manuel,Wood,177.76,Germany,Chocolate,0,1,1,11185.0
Natalie,Neal,185.31,China,Vanilla,1,5,1,2102.0
Jacob,Robinson,186.57,Denmark,Pistachio,1,7,0,18987.0
Emily,Christian,175.65,Japan,Strawberry,0,7,1,5143.0
Frank,Morgan,139.54,Sweden,Mint,0,8,0,2510.0
Erik,Romero,197.28,Germany,Strawberry,1,1,1,7341.0
Chelsey,White,199.54,UK,Strawberry,1,6,0,2977.0
Randall,Orr,179.75,China,Chocolate,0,3,0,11413.0
Scott,Hardin,207.34,Sweden,Vanilla,1,3,0,16803.0
Hector,Jarvis,162.45,China,Strawberry,0,0,1,8383.0
Jack,Conway,181.03,Japan,Pistachio,0,1,1,12095.0
Nathaniel,Larsen,149.55,Australia,Vanilla,0,0,0,6954.0
Donna,Conway,169.96,Australia,Vanilla,1,4,1,7876.0
Matthew,Lee,139.81,Sweden,Strawberry,1,1,1,18131.0
Michelle,Brewer,155.02,France,Mint,1,1,1,6873.0
Brandon,Avery,192.83,USA,Chocolate,1,6,0,3442.0
David,Sullivan,135.33,Denmark,Vanilla,1,5,0,10318.0
Carolyn,Maldonado,189.77,Norway,Vanilla,0,0,1,8711.0
Whitney,Livingston,189.29,France,Strawberry,1,3,1,8431.0
Elizabeth,Arias,181.5,Finland,Stracciatella,1,4,0,9349.0
Kelsey,Roberts,185.9,Sweden,Pistachio,1,9,1,13394.0
Marisa,Silva,146.09,UK,Pistachio,1,8,0,17935.0
Yvonne,Heath,194.69,Japan,Vanilla,1,8,1,10831.0
Martin,Odonnell,149.61,France,Pistachio,1,1,0,8036.0
Garrett,Conner,193.02,Italy,Strawberry,0,2,0,12086.0
Joseph,Levy,155.4,Brazil,Strawberry,1,5,1,10956.0
Harry,Mcmahon,136.78,Italy,Stracciatella,1,5,1,1941.0
Kayla,Baker,138.58,China,Mint,0,0,0,14073.0
Collin,Arias,197.47,UK,Mint,1,0,0,16822.0
Theodore,Cantu,178.03,France,Stracciatella,1,2,1,18986.0
Catherine,Stout,154.02,Sweden,Mint,1,4,0,16612.0
Jorge,Stafford,201.99,Italy,Chocolate,1,8,1,2017.0
Curtis,Love,176.88,France,Vanilla,0,5,1,4069.0
Danielle,Stout,162.8,Brazil,Vanilla,1,2,0,9800.0
Mitchell,Kemp,135.92,Japan,Pistachio,1,8,0,15893.0
Valerie,Bridges,195.25,Canada,Mint,0,9,1,7816.0
Renee,Crane,197.03,UK,Chocolate,0,5,0,7305.0
Amy,Butler,205.81,Finland,Pistachio,1,7,1,2597.0
Tamara,Durham,191.86,Denmark,Mint,1,7,1,2333.0
Michael,Clarke,187.0,Canada,Chocolate,0,5,0,18729.0
Dwayne,Hart,149.12,Finland,Vanilla,1,9,1,9058.0
Roger,Meza,141.6,China,Vanilla,1,4,1,2203.0
Patricia,Mcintosh,183.23,Germany,Strawberry,1,5,0,17019.0
Lindsay,Wood,191.8,Germany,Stracciatella,0,2,1,17596.0
Curtis,Combs,143.93,China,Mint,0,1,0,7734.0
Anna,Thompson,201.08,China,Stracciatella,0,9,1,10493.0
Isabella,Rowland,136.99,Norway,Stracciatella,1,9,0,2203.0
Rachael,Lewis,195.95,Japan,Strawberry,0,0,0,4229.0
Lorraine,Mann,141.58,Sweden,Mint,0,0,1,4942.0
Michael,Benson,161.99,China,Chocolate,0,7,0,17782.0
Ashley,Gonzalez,160.44,Brazil,Mint,1,4,0,15249.0
Karina,Duarte,173.26,Italy,Stracciatella,1,9,1,4068.0
Lindsay,Moody,187.24,UK,Chocolate,1,0,0,2460.0
Judy,Glenn,184.76,Germany,Chocolate,1,8,0,1859.0
Darlene,Bean,199.3,Brazil,Vanilla,1,3,0,4827.0
Dustin,Herring,134.68,USA,Chocolate,1,8,0,16137.0
Misty,Wise,176.34,Canada,Pistachio,1,1,1,1007.0
Daniel,Hill,168.28,Norway,Vanilla,0,3,1,3398.0
Johnny,Chandler,198.91,USA,Chocolate,0,4,1,12826.0
Brianna,Nunez,206.49,Denmark,Strawberry,1,9,1,1947.0
Carl,French,201.55,Norway,Vanilla,1,9,0,1759.0
Christy,Brown,141.69,Norway,Vanilla,0,4,0,3465.0
Anita,Cole,202.56,Australia,Strawberry,0,0,0,4220.0
Paula,Brewer,181.0,Canada,Pistachio,1,4,1,18076.0
Tony,Winters,166.0,Australia,Vanilla,1,4,1,9712.0
Trevor,Burns,185.2,USA,Strawberry,0,7,1,16439.0
William,Odonnell,182.61,Canada,Stracciatella,0,3,0,17259.0
Sonya,Neal,206.84,China,Chocolate,0,8,1,3652.0
Alexander,Hess,140.29,Sweden,Mint,0,7,0,17059.0
Amanda,Stone,195.05,Norway,Strawberry,0,7,1,9002.0
Perry,Willis,202.07,China,Mint,1,6,1,13585.0
Lauren,Patterson,161.73,Brazil,Chocolate,1,9,1,15644.0
Alison,Li,205.33,Canada,Strawberry,0,9,0,16747.0
Diana,Bolton,134.92,Sweden,Stracciatella,1,2,0,11360.0
Samantha,Ruiz,195.42,Denmark,Vanilla,1,6,0,11496.0
Justin,Booker,193.85,Australia,Strawberry,1,6,1,12161.0
Keith,Barnett,196.94,Denmark,Stracciatella,0,7,1,8087.0
Manuel,Johnson,145.18,Canada,Chocolate,0,5,1,11923.0
Emily,Li,138.92,Australia,Stracciatella,1,1,1,11618.0
Marissa,James,197.89,France,Mint,0,7,1,1186.0
Samuel,Marks,178.47,USA,Stracciatella,1,8,1,9929.0
Joshua,Norris,140.41,Canada,Strawberry,0,3,1,4016.0
Rodney,Bolton,200.2,Denmark,Mint,1,9,1,4167.0
Kara,Soto,175.75,Norway,Chocolate,1,3,0,8736.0
Marilyn,Fletcher,186.09,Italy,Pistachio,0,1,1,5363.0
Luis,Mann,141.49,France,Pistachio,1,6,1,7806.0
Jeremiah,Freeman,153.92,Brazil,Strawberry,0,7,1,5957.0
Philip,Mcintosh,191.19,UK,Strawberry,0,3,0,13702.0
Shannon,Morton,170.38,Italy,Mint,0,7,0,9390.0
Katherine,Fisher,202.79,Finland,Mint,1,7,1,17346.0
Dwayne,Paul,181.65,Norway,Pistachio,1,3,1,6668.0
Richard,Conrad,137.25,Canada,Pistachio,1,4,0,15751.0
Jane,Francis,164.64,Brazil,Pistachio,1,3,1,14729.0
Frank,Kirby,169.86,UK,Strawberry,1,1,1,9211.0
Shawn,Ware,136.53,China,Pistachio,0,7,1,3629.0
Teresa,Benjamin,203.9,Norway,Pistachio,1,6,0,1717.0
Mason,Huber,157.74,Germany,Chocolate,1,9,1,12505.0
Cynthia,Mendoza,188.14,Finland,Vanilla,1,2,0,6268.0
Molly,Hubbard,197.71,Finland,Chocolate,0,3,0,4954.0
Cassie,Hogan,150.76,Brazil,Pistachio,1,7,1,10743.0
Derek,Ellis,155.38,Denmark,Mint,1,8,0,1652.0
Craig,Bowers,136.11,Japan,Stracciatella,0,2,0,11951.0
Johnathan,Hancock,140.2,China,Stracciatella,0,4,1,5581.0
Dylan,Carroll,195.87,France,Vanilla,0,1,1,10779.0
Nicole,Marshall,177.12,Japan,Pistachio,0,7,1,10040.0
Cindy,Hoover,160.12,Denmark,Chocolate,0,8,1,1624.0
Dean,Grant,192.78,Japan,Chocolate,0,2,1,10788.0
Maria,James,201.48,Denmark,Mint,1,8,0,13259.0
Andrea,Joseph,198.58,USA,Vanilla,1,1,1,3365.0
Maurice,Dudley,152.07,UK,Vanilla,1,1,1,8948.0
Brandon,Knight,144.74,Australia,Mint,1,0,0,1302.0
Darren,Strong,147.98,UK,Chocolate,0,8,1,5264.0
Alexander,Boyd,140.66,Italy,Strawberry,1,3,0,5759.0
Tamara,Cobb,143.01,Japan,Strawberry,1,2,0,7017.0
Ethan,Cruz,144.13,UK,Stracciatella,1,8,0,18755.0
Mason,Walker,187.75,Italy,Chocolate,0,2,1,12525.0
Brianna,Payne,137.44,China,Stracciatella,0,1,0,16459.0
Rachael,Thomas,198.79,Sweden,Pistachio,0,8,1,17180.0
Dennis,Chandler,189.86,Italy,Stracciatella,0,5,0,3416.0
Raymond,Francis,155.42,Finland,Strawberry,1,8,1,12395.0
Charles,Wolf,165.13,USA,Chocolate,1,1,0,2545.0
Wesley,Franco,184.19,Japan,Chocolate,1,2,1,13851.0
Rachael,Ali,150.7,Denmark,Pistachio,1,0,0,11438.0
Andrea,Morse,157.22,Japan,Chocolate,0,0,1,6684.0
Nancy,Lewis,173.38,Japan,Strawberry,1,8,1,6742.0
Taylor,Greene,188.42,Denmark,Stracciatella,0,5,0,6450.0
Julia,Harrison,153.65,Norway,Mint,0,5,1,3715.0
Yesenia,Rose,144.09,Germany,Vanilla,0,3,0,9989.0
Jack,Sanders,193.6,Canada,Vanilla,1,6,0,14561.0
Brandon,Marks,205.08,Canada,Pistachio,1,8,0,9970.0
Xavier,Dudley,159.62,Italy,Stracciatella,0,4,0,5193.0
Matthew,Peters,146.75,France,Strawberry,1,2,1,13313.0
Erik,Rangel,195.55,USA,Mint,0,2,0,11702.0
Jenny,Snow,172.27,Germany,Strawberry,1,7,0,10532.0
Loretta,Fuentes,175.07,Italy,Strawberry,1,7,0,2856.0
Gordon,Frey,141.0,Brazil,Chocolate,1,0,0,6610.0
Molly,Espinoza,143.47,UK,Vanilla,1,2,0,16021.0
Garrett,Ochoa,137.72,Australia,Stracciatella,1,4,0,10888.0
Heather,Crawford,167.47,Finland,Stracciatella,0,9,1,10422.0
Collin,Bolton,139.55,Sweden,Strawberry,0,3,1,1336.0
James,Russo,196.67,Brazil,Pistachio,0,4,1,12579.0
Ian,Hammond,156.66,Norway,Vanilla,1,7,1,3142.0
Andrew,Camacho,178.08,Denmark,Pistachio,1,2,1,16924.0
Kelsey,Hopkins,163.72,Brazil,Mint,1,5,1,6868.0
Brett,Boyd,148.82,Japan,Stracciatella,0,8,1,2863.0
Marilyn,Guzman,138.81,Brazil,Chocolate,1,6,1,17158.0
Allen,Lynch,149.16,UK,Strawberry,1,8,1,8369.0
Briana,Anthony,154.66,France,Strawberry,0,1,1,9791.0
Luke,Espinoza,153.68,UK,Stracciatella,0,2,0,5384.0
Andrea,Vega,147.96,France,Stracciatella,0,5,0,15909.0
Scott,Snyder,193.98,Australia,Pistachio,1,3,0,4961.0
Natasha,Ponce,168.13,China,Stracciatella,1,8,0,11825.0
Natalie,Esparza,187.52,Germany,Mint,1,5,0,2353.0
Sarah,Williams,180.18,Brazil,Chocolate,1,3,1,10785.0
Judy,White,163.63,Germany,Strawberry,1,4,1,1265.0
Jasmine,Cervantes,187.89,UK,Stracciatella,0,2,1,13612.0
Tanya,Crane,188.6,France,Chocolate,1,0,0,1460.0
Deborah,Hampton,183.38,UK,Mint,0,9,0,13209.0
Brent,Nunez,159.84,Canada,Vanilla,0,0,0,7156.0
Angelica,Wilkins,146.05,Australia,Chocolate,0,8,1,5110.0
Alexis,Rice,205.96,Brazil,Strawberry,0,2,0,5644.0
Robin,Short,153.06,Germany,Stracciatella,0,9,0,3546.0
Linda,Colon,199.02,Sweden,Mint,1,9,1,10397.0
Loretta,Owens,153.86,Denmark,Vanilla,1,8,1,12966.0
Nathan,Chavez,140.87,Sweden,Chocolate,0,2,0,12601.0
Dustin,Frey,199.3,Norway,Vanilla,0,2,1,13184.0
Ruth,Fisher,195.87,Norway,Strawberry,1,5,1,12572.0
Kathleen,Black,156.85,USA,Mint,1,5,0,7891.0
Sandy,Melton,151.87,Australia,Mint,1,4,0,13809.0
Mark,Lawson,201.14,Finland,Vanilla,0,3,1,15467.0
Carla,Thompson,181.37,UK,Stracciatella,0,4,0,4194.0
Darrell,Schwartz,158.94,Norway,Vanilla,0,3,0,9809.0
Erik,Booker,137.14,France,Mint,1,4,1,4917.0
Beth,Bond,182.97,Japan,Mint,0,0,1,12044.0
Margaret,Rowe,185.4,Brazil,Mint,0,0,1,9884.0
Cameron,Frank,170.61,Italy,Vanilla,1,7,1,10511.0
Tammy,Lin,137.38,Finland,Mint,1,9,0,17159.0
Daniel,Bryant,156.83,China,Chocolate,1,2,1,4350.0
Marcus,Norris,162.61,Japan,Stracciatella,0,3,0,12793.0
Nancy,Sims,195.36,Germany,Stracciatella,1,9,0,6618.0
Matthew,Jennings,157.55,Italy,Stracciatella,1,4,0,18767.0
Toni,Bennett,183.61,Japan,Chocolate,1,1,0,2506.0
Henry,Ponce,180.97,China,Pistachio,0,8,0,1537.0
Ricky,Bryan,154.54,Finland,Strawberry,1,6,0,15473.0
Dylan,Frey,153.12,Norway,Pistachio,0,0,1,16194.0
Brittany,Rosales,135.1,USA,Vanilla,0,8,1,18886.0
Brianna,Merritt,147.43,Brazil,Pistachio,1,5,1,7556.0
Stephanie,Calderon,137.71,Finland,Stracciatella,0,8,0,16126.0
Bonnie,Holmes,144.65,Australia,Chocolate,1,2,1,2463.0
Cody,Lang,202.94,Italy,Vanilla,1,2,0,17992.0
Gilbert,Pham,197.31,China,Stracciatella,0,6,1,14682.0
Debbie,Morse,188.97,Sweden,Stracciatella,0,3,0,6389.0
Kendra,Knight,135.83,Finland,Mint,1,3,0,2421.0
Marcus,Duarte,193.98,France,Pistachio,0,6,0,8843.0
Katherine,Booker,198.31,France,Vanilla,1,1,1,13260.0
Brandi,Huber,133.85,Brazil,Vanilla,0,5,1,11723.0
Kaitlyn,Christensen,173.57,Germany,Strawberry,1,9,1,18256.0
Briana,Bonilla,161.28,USA,Pistachio,0,3,1,18961.0
Manuel,Bruce,188.73,Brazil,Mint,1,6,0,3296.0
Ronald,Hampton,181.65,Sweden,Pistachio,0,5,1,8024.0
Chelsea,Wheeler,201.94,Germany,Pistachio,1,3,1,1062.0
Kayla,Ware,149.31,UK,Mint,0,4,0,12779.0
Terri,Ryan,191.41,USA,Strawberry,0,7,0,7050.0
Anna,Mora,135.13,Italy,Strawberry,1,3,0,5697.0
Deanna,Weber,164.65,Australia,Chocolate,0,6,1,10517.0
Leslie,Keller,184.69,Norway,Chocolate,1,7,0,8677.0
April,Morales,172.36,China,Vanilla,0,7,0,11045.0
Candice,Hale,201.76,Denmark,Chocolate,1,9,0,15048.0
Tommy,Fuller,144.53,Germany,Pistachio,0,6,0,10617.0
Edward,Morales,200.01,Brazil,Mint,0,6,0,1593.0
Henry,Sanders,181.21,USA,Chocolate,0,3,0,12284.0
Ryan,Ramsey,153.97,UK,Mint,1,6,0,15058.0
Jake,Hodges,172.48,UK,Mint,1,2,1,9000.0
Julie,Peterson,144.59,Finland,Strawberry,0,7,0,10184.0
Terrence,Lawrence,180.48,USA,Strawberry,0,0,1,16883.0
Russell,Mercer,149.11,Sweden,Stracciatella,1,8,0,15690.0
Collin,Carr,139.52,Australia,Pistachio,0,7,1,4181.0
Meghan,Ballard,168.24,Denmark,Chocolate,1,9,0,2192.0
Isabella,Molina,172.14,Italy,Pistachio,1,6,0,5200.0
Cassie,Vega,169.76,Canada,Stracciatella,0,6,1,8744.0
Isabella,Russell,170.87,Norway,Pistachio,1,1,0,18173.0
Karen,Medina,162.36,Italy,Chocolate,0,8,0,16058.0
Stephanie,Clarke,203.04,Canada,Vanilla,0,9,0,18619.0
Brianna,Foster,192.36,UK,Strawberry,0,6,0,14070.0
Manuel,Smith,204.69,China,Pistachio,1,5,1,9051.0
Dana,Curtis,201.47,Italy,Pistachio,1,3,0,3700.0
Amy,Wise,202.11,UK,Mint,1,4,0,1848.0
Olivia,Mitchell,202.18,Canada,Mint,1,6,0,8913.0
Sharon,Holland,135.93,Germany,Mint,1,5,0,17817.0
Beth,Fuentes,178.75,Finland,Stracciatella,1,5,1,6925.0
Tiffany,Bradshaw,207.74,Australia,Pistachio,1,9,0,5448.0
Mike,Taylor,183.72,Brazil,Stracciatella,1,1,1,14357.0
Wendy,Wagner,194.12,Germany,Strawberry,0,1,0,9033.0
Claudia,Brooks,188.53,Australia,Mint,0,5,1,13354.0
Frank,Briggs,192.3,USA,Pistachio,1,0,0,16033.0
Mario,Figueroa,199.18,Norway,Mint,1,6,0,12177.0
Javier,Hopkins,204.78,USA,Strawberry,0,4,0,3061.0
Lori,Camacho,134.1,France,Chocolate,0,8,0,18046.0
Morgan,Benson,174.48,Sweden,Vanilla,0,0,1,12022.0
Kayla,Mann,146.67,Denmark,Chocolate,0,8,1,16309.0
Collin,Hess,142.23,Canada,Strawberry,1,5,0,10608.0
Douglas,Barron,143.78,USA,Strawberry,0,8,0,4588.0
Anna,Bradley,204.68,Japan,Vanilla,1,9,0,7442.0
Tanya,Dorsey,143.73,UK,Mint,0,5,0,12613.0
Barry,Rios,191.41,Denmark,Vanilla,1,2,0,16912.0
Debra,Moody,169.24,USA,Stracciatella,1,6,0,11028.0
Alicia,Ramos,194.74,Finland,Vanilla,0,0,1,4901.0
Robin,Hancock,181.78,Australia,Vanilla,1,1,1,18591.0
Felicia,Lambert,164.9,Australia,Mint,1,2,1,4169.0
Alex,Aguilar,174.43,Finland,Strawberry,0,7,0,2272.0
Danny,Hurley,166.22,UK,Mint,1,0,1,3462.0
Mario,Shaffer,187.6,Denmark,Vanilla,0,3,1,3393.0
Erik,Mercado,178.01,Brazil,Pistachio,1,7,1,16281.0
Amy,Kirk,143.66,Sweden,Mint,0,1,0,2567.0
Charles,Donaldson,158.21,Finland,Vanilla,1,9,1,1056.0
Casey,Payne,147.38,Finland,Mint,1,5,0,13556.0
Diane,Franklin,187.3,France,Pistachio,0,6,1,14580.0
Linda,Cardenas,162.41,France,Pistachio,0,7,1,1083.0
Haley,Jarvis,180.16,Germany,Pistachio,1,1,1,10882.0
Derek,Sandoval,203.95,Germany,Pistachio,0,8,1,1319.0
Derrick,Castillo,139.02,China,Chocolate,1,7,0,8098.0
Joel,Robles,149.32,China,Strawberry,1,6,1,10889.0
Brianna,Miles,189.58,Italy,Pistachio,0,9,0,17007.0
Noah,Malone,191.2,Germany,Mint,1,0,1,3688.0
Antonio,Hopkins,185.54,Australia,Pistachio,0,7,1,17971.0
Joseph,Cuevas,183.69,France,Stracciatella,1,5,1,9790.0
Tammy,Sanders,200.64,Brazil,Mint,1,4,1,8395.0
Samantha,Olson,187.79,China,Stracciatella,1,4,0,18496.0
Marcus,Holt,202.4,Canada,Pistachio,1,4,0,11604.0
Kristen,Solomon,143.47,Italy,Stracciatella,0,4,0,3504.0
Claudia,Richardson,192.99,Denmark,Stracciatella,0,2,1,12943.0
Douglas,Hendrix,169.25,Norway,Mint,1,5,0,3185.0
Douglas,Burton,140.02,USA,Pistachio,0,5,0,15578.0
Benjamin,Mcknight,181.44,Germany,Vanilla,1,6,0,14614.0
Jamie,Roberson,199.31,Denmark,Mint,1,9,0,10089.0
Luis,Li,163.6,Canada,Stracciatella,1,8,0,7483.0
Lauren,Matthews,161.14,Italy,Stracciatella,1,0,1,8592.0
Rachael,Villarreal,144.4,Finland,Strawberry,1,0,1,12826.0
Brandi,Silva,149.75,Japan,Strawberry,0,4,0,6382.0
Karina,Sims,186.59,Canada,Vanilla,0,3,1,3314.0
Carla,Quinn,187.88,Finland,Pistachio,1,6,1,12268.0
Crystal,Williamson,206.53,Canada,Chocolate,1,1,1,1738.0
Scott,Ryan,152.97,Australia,Pistachio,1,3,0,4322.0
Louis,Mcclain,171.44,France,Stracciatella,0,7,0,1512.0
Randall,Gill,167.34,Italy,Pistachio,1,1,0,10200.0
Paige,Holt,153.46,China,Stracciatella,1,3,0,7334.0
Bridget,Anderson,197.16,Norway,Strawberry,0,2,0,2572.0
Kristina,Carter,187.13,Finland,Chocolate,0,4,0,10236.0
Gilbert,Holder,197.88,Sweden,Strawberry,0,8,1,11454.0
Selena,Williamson,152.72,Norway,Mint,0,4,0,7288.0
Nathaniel,Howell,183.88,Finland,Chocolate,0,0,0,18693.0
Cassie,Marks,203.14,Australia,Strawberry,0,1,1,7667.0
Kristina,Dean,205.42,Norway,Strawberry,1,0,1,17089.0
Mike,Powell,184.07,Germany,Strawberry,1,9,1,6338.0
Anthony,Waller,198.17,Canada,Vanilla,0,1,1,15686.0
David,Walsh,134.09,France,Strawberry,1,6,0,13073.0
Lisa,Simpson,170.23,Italy,Stracciatella,0,4,1,17785.0
Courtney,Acosta,166.46,Denmark,Chocolate,0,2,1,13780.0
Anne,Cochran,203.19,Sweden,Vanilla,1,4,1,6843.0
Kathryn,Krause,167.76,Finland,Pistachio,1,2,1,16381.0
Olivia,Rich,152.25,Australia,Vanilla,0,3,0,18329.0
Terri,Powers,194.67,Norway,Strawberry,0,3,1,7300.0
Garrett,Hughes,145.42,China,Pistachio,0,2,1,12994.0
Chris,Floyd,141.51,Japan,Vanilla,1,5,1,16855.0
Michael,Wells,156.41,Brazil,Mint,0,5,0,10320.0
Shelly,Rich,202.1,Canada,Vanilla,1,5,1,8391.0
Diana,Johnston,152.05,Canada,Chocolate,0,7,0,1002.0
Darren,Harmon,203.16,Australia,Vanilla,1,5,1,7244.0
Antonio,Lawrence,182.37,UK,Strawberry,1,8,1,12305.0
Nina,Marsh,142.66,France,Chocolate,0,8,0,5624.0
Rita,Gonzales,145.98,France,Stracciatella,0,9,1,1357.0
Martha,Newman,184.3,Norway,Mint,1,9,1,15985.0
Michael,James,145.79,Germany,Stracciatella,0,7,1,15409.0
Mario,Lloyd,204.54,UK,Stracciatella,1,6,0,7769.0
Kristie,Hopkins,203.55,Brazil,Vanilla,1,6,0,7623.0
Albert,Riley,202.75,Canada,Chocolate,1,7,0,7074.0
Frances,Moyer,142.46,Japan,Vanilla,1,1,0,11845.0
Vernon,Merritt,178.81,Denmark,Vanilla,1,2,1,11734.0
Kyle,Lawson,145.1,USA,Strawberry,1,4,0,12466.0
Jeanne,Ingram,168.79,Australia,Mint,0,0,1,3984.0
Anne,Braun,150.27,Australia,Strawberry,1,4,1,10524.0
Miranda,Welch,141.85,Germany,Strawberry,0,0,0,18830.0
Frank,Logan,162.5,Italy,Strawberry,0,2,1,1312.0
Emily,Pena,166.16,Japan,Pistachio,1,2,1,9760.0
Erik,Yates,207.47,France,Strawberry,0,0,0,10434.0
Luke,Hill,184.67,Japan,Mint,1,0,0,4947.0
Kristina,Jarvis,169.54,Japan,Chocolate,1,0,0,5018.0
Erika,Benjamin,185.54,Denmark,Mint,1,9,0,8715.0
Darlene,Perez,137.83,Finland,Stracciatella,0,3,1,3290.0
April,Mcdonald,192.18,Japan,Chocolate,0,5,0,9442.0
Chelsea,Farrell,182.33,Canada,Pistachio,1,0,1,14804.0
Heather,Fuentes,186.45,UK,Vanilla,0,0,1,3819.0
Janice,Shaw,165.02,Norway,Chocolate,0,4,0,14781.0
Derek,Cole,205.0,Finland,Pistachio,1,8,0,12491.0
Amy,Larson,161.57,Denmark,Vanilla,1,0,0,10411.0
Raven,Swanson,162.76,Brazil,Mint,1,1,1,7480.0
Brittney,Bryant,141.96,Finland,Stracciatella,1,1,1,11826.0
Patrick,Cain,163.41,China,Strawberry,1,0,1,14113.0
Tanya,Lang,191.29,Canada,Mint,0,2,1,3909.0
Robert,Young,180.25,China,Mint,0,2,0,11596.0
Natalie,Ware,169.87,France,Stracciatella,0,3,0,16272.0
Jesse,Nelson,153.98,Norway,Pistachio,0,0,0,18961.0
Olivia,Richmond,175.7,Germany,Chocolate,0,6,1,15833.0
Diane,Frazier,167.41,Japan,Mint,0,1,1,7415.0
Monica,Colon,202.73,Canada,Mint,1,8,1,6461.0
Erika,Acosta,194.89,Canada,Chocolate,1,2,0,5706.0
Renee,Fletcher,140.84,UK,Strawberry,0,8,0,8913.0
Mckenzie,Bonilla,205.06,Germany,Stracciatella,0,6,1,1131.0
Todd,Hodges,200.83,UK,Vanilla,0,8,1,16142.0
Diana,Boyle,207.08,Denmark,Stracciatella,1,7,0,15630.0
Kenneth,Robertson,138.79,Italy,Strawberry,1,0,0,3931.0
Ryan,Bonilla,182.45,Finland,Vanilla,0,6,1,16524.0
Bobby,Green,136.48,Germany,Stracciatella,0,7,0,3099.0
Dominique,Fisher,162.51,Japan,Chocolate,1,0,0,10094.0
Pam,Hart,165.64,Norway,Mint,0,8,1,7371.0
Doris,Combs,189.01,Denmark,Chocolate,1,3,0,6755.0
Lisa,Wade,138.66,Sweden,Chocolate,1,1,1,8593.0
Colin,Cook,181.77,Sweden,Vanilla,1,6,0,10840.0
Dominique,Crane,158.0,France,Chocolate,0,9,0,7148.0
Cindy,Costa,207.08,UK,Mint,0,9,1,3905.0
Mckenzie,Valdez,202.59,USA,Chocolate,0,8,0,10231.0
Darrell,Dennis,199.91,Japan,Pistachio,1,4,0,14592.0
Phillip,Cohen,172.44,Canada,Stracciatella,1,2,1,17698.0
Claudia,Hurley,196.04,Japan,Mint,1,1,0,14951.0
Anna,Leon,200.64,Canada,Pistachio,0,9,0,9507.0
Kristen,Lara,204.27,Brazil,Pistachio,0,4,1,10929.0
April,Cantrell,180.07,Brazil,Vanilla,0,4,0,18822.0
Victoria,Odonnell,135.24,Australia,Strawberry,1,6,1,6057.0
Kathy,Snow,167.96,Norway,Chocolate,0,2,0,17939.0
Vanessa,Martinez,163.5,France,Chocolate,1,4,1,3999.0
Erika,Townsend,161.05,Australia,Pistachio,0,6,1,6161.0
Evan,Myers,179.65,Germany,Chocolate,1,3,1,16568.0
Beth,Dorsey,139.6,Finland,Vanilla,1,0,0,9227.0
Darrell,Anderson,135.22,Finland,Pistachio,0,9,1,16392.0
Dean,Browning,204.37,Sweden,Pistachio,1,3,1,2130.0
Courtney,Richards,148.21,Germany,Strawberry,1,2,1,15137.0
Sarah,Paul,193.82,Denmark,Vanilla,1,1,0,3996.0
Lauren,Jacobson,197.95,UK,Pistachio,1,9,1,18806.0
Lori,Werner,177.69,UK,Strawberry,0,3,1,7291.0
Kendra,Hernandez,166.33,France,Chocolate,0,4,1,18632.0
Jose,Zamora,199.46,Finland,Mint,1,7,1,4005.0
Derrick,Kirby,187.35,Sweden,Stracciatella,0,0,0,14702.0
Audrey,Patton,187.33,China,Chocolate,1,6,1,5877.0
Lynn,Flores,197.26,Finland,Pistachio,0,7,1,18584.0
Frank,Sanders,164.18,Norway,Stracciatella,0,0,1,7773.0
Heather,Lowery,174.42,China,Mint,1,6,1,13257.0
Kathryn,Mann,174.53,Norway,Pistachio,0,4,0,18627.0
Jorge,Moyer,199.48,UK,Vanilla,1,1,1,12021.0
Gloria,Jennings,171.76,Sweden,Stracciatella,1,3,0,5705.0
Valerie,Holder,161.41,France,Strawberry,1,5,0,9119.0
Melissa,Gordon,164.09,Italy,Chocolate,1,0,0,12995.0
Diane,Campbell,149.32,Sweden,Mint,1,8,0,14681.0
Johnathan,Mcdonald,189.18,Australia,Stracciatella,1,7,0,11070.0
Angela,Zamora,188.91,Australia,Mint,1,0,1,13209.0
Mitchell,Hebert,184.53,Japan,Strawberry,1,5,1,16715.0
Mike,Dominguez,185.64,UK,Pistachio,0,5,1,11059.0
Chelsey,Reyes,184.23,China,Pistachio,0,4,1,14869.0
Michele,Li,204.22,Germany,Vanilla,0,9,1,11435.0
Sheila,Barrera,182.25,UK,Stracciatella,0,8,0,6201.0
Makayla,Holloway,170.97,Brazil,Mint,0,8,1,11517.0
Greg,Frederick,166.54,China,Vanilla,0,6,1,8609.0
Donna,Gonzalez,155.92,Germany,Strawberry,0,6,0,3877.0
Peggy,Hudson,170.14,Canada,Strawberry,0,9,0,12430.0
Debra,Mathis,175.2,USA,Vanilla,0,1,1,2880.0
Spencer,Wolf,174.65,Germany,Vanilla,0,6,0,8136.0
Diana,Mcdaniel,200.63,Australia,Mint,1,5,0,16710.0
Mark,Pineda,156.18,Sweden,Strawberry,1,6,0,2383.0
Briana,Love,135.38,USA,Mint,0,4,1,18046.0
Jose,Harmon,206.55,Italy,Vanilla,0,4,0,6959.0
Paula,Flores,172.99,Brazil,Mint,0,3,1,1031.0
Hunter,Armstrong,159.19,Brazil,Strawberry,0,6,0,16740.0
Marissa,Ball,182.67,Denmark,Stracciatella,1,8,0,2451.0
Gabriel,Williams,183.84,UK,Chocolate,0,9,0,6844.0
Christina,Espinoza,164.1,USA,Chocolate,0,4,1,1895.0
Kristina,Santiago,181.72,UK,Stracciatella,0,9,0,7876.0
Benjamin,Phillips,154.9,Italy,Vanilla,0,2,1,15559.0
Chad,Perry,176.67,France,Mint,1,2,1,10809.0
Tonya,White,195.28,Germany,Strawberry,0,0,1,1653.0
Cristian,Skinner,168.6,Brazil,Mint,1,6,1,11922.0
Christian,Anthony,181.62,Denmark,Vanilla,0,3,0,18494.0
Perry,French,183.32,Denmark,Strawberry,0,0,0,14866.0
Katherine,Ferguson,172.17,Canada,Chocolate,1,9,1,5130.0
Brittany,Harris,170.09,Japan,Mint,1,0,1,10950.0
Albert,Mack,193.98,Brazil,Pistachio,1,3,1,2370.0
Alex,Ballard,138.5,Germany,Chocolate,0,6,0,4261.0
Perry,Thompson,203.33,Canada,Chocolate,0,6,1,2298.0
Jennifer,Padilla,178.8,China,Chocolate,0,5,0,7102.0
Peggy,Allen,172.55,UK,Chocolate,1,2,1,5846.0
Matthew,Payne,167.26,Brazil,Stracciatella,1,7,1,7067.0
Sean,Roberts,205.02,Denmark,Pistachio,1,4,0,17015.0
Tamara,Velazquez,201.73,Sweden,Strawberry,1,9,1,16998.0
Gerald,Bender,153.88,Canada,Strawberry,1,3,0,1759.0
Shawn,Wyatt,173.03,France,Pistachio,1,7,1,15942.0
Jenny,Jacobson,138.35,Sweden,Pistachio,0,0,0,6806.0
Javier,Vega,191.24,USA,Stracciatella,0,0,0,15388.0
Brittney,Kennedy,177.24,USA,Mint,1,3,1,13622.0
Pamela,Pena,154.99,Italy,Strawberry,1,6,0,5636.0
Hector,Butler,175.01,Italy,Stracciatella,1,1,1,10381.0
Alexis,Sawyer,157.88,UK,Vanilla,0,4,0,3834.0
Breanna,Wright,206.43,Germany,Vanilla,1,6,0,10438.0
Jillian,Copeland,138.16,Finland,Strawberry,1,5,0,17685.0
Kelly,Copeland,199.76,Germany,Pistachio,1,5,1,1542.0
Melanie,Short,168.96,Japan,Pistachio,0,6,1,7583.0
Victoria,Gibson,145.84,Germany,Mint,1,0,1,10318.0
Cheryl,Murray,164.31,Canada,Mint,1,9,0,4739.0
Kyle,Heath,164.9,Brazil,Strawberry,1,9,1,1728.0
Deborah,Melton,160.5,Germany,Pistachio,0,7,0,13670.0
Patricia,Norton,140.16,Australia,Stracciatella,0,0,0,2229.0
Jennifer,Delgado,140.33,Italy,Stracciatella,0,7,1,17324.0
Luis,Moore,150.95,Denmark,Strawberry,1,6,0,1873.0
Dennis,Hammond,155.71,Australia,Stracciatella,0,6,0,10801.0
Michael,Dudley,176.72,USA,Chocolate,0,5,1,1503.0
Taylor,Stafford,204.16,Brazil,Mint,1,7,0,1107.0
Alan,Gordon,179.73,Japan,Stracciatella,1,8,0,15789.0
Collin,Nelson,153.84,Brazil,Pistachio,0,8,1,5247.0
Ryan,Mitchell,157.31,USA,Stracciatella,0,1,1,13117.0
Jill,Gaines,170.53,USA,Vanilla,0,2,0,16980.0
Cathy,Martinez,179.29,France,Strawberry,1,7,1,19030.0
Jack,Lloyd,160.36,USA,Strawberry,0,4,1,3923.0
Gregory,Levy,162.77,Finland,Vanilla,1,7,1,5638.0
Luis,Edwards,192.63,Sweden,Mint,0,7,1,12534.0
Nina,Walter,145.23,China,Chocolate,0,3,1,18552.0
Peggy,Bradford,151.97,Australia,Strawberry,1,6,1,10784.0
Cheyenne,Nash,201.55,Canada,Strawberry,0,5,1,14255.0
Wanda,Ward,141.58,Italy,Vanilla,1,7,1,1623.0
Alan,Cole,176.46,Denmark,Stracciatella,1,4,1,1197.0
Garrett,Sherman,160.26,USA,Chocolate,0,9,0,5614.0
Erin,Lawrence,199.63,Italy,Mint,0,9,0,10224.0
Julie,Swanson,152.8,Norway,Strawberry,0,2,0,15003.0
Katie,Mills,150.04,Italy,Strawberry,1,0,1,12228.0
Felicia,Quinn,165.41,Brazil,Strawberry,1,4,1,7370.0
Jacqueline,Richardson,179.93,China,Chocolate,0,1,0,1135.0
Margaret,Melendez,184.97,Norway,Strawberry,1,4,1,14477.0
Joseph,Benjamin,158.84,Sweden,Pistachio,1,0,0,8813.0
Gerald,Mcmahon,174.29,Sweden,Strawberry,1,0,0,4136.0
Morgan,Cooley,146.48,USA,Strawberry,1,2,0,18802.0
Mckenzie,Hampton,136.46,Italy,Mint,1,6,0,17405.0
Karina,Burgess,150.26,Brazil,Strawberry,1,3,0,5988.0
Carl,Schwartz,197.96,Italy,Strawberry,0,2,1,9064.0
Alexa,Lambert,165.16,Canada,Vanilla,1,1,0,8270.0
Shelia,Rose,186.67,Sweden,Vanilla,0,4,0,1346.0
Karina,Holmes,184.89,Norway,Pistachio,1,8,0,11944.0
Tom,Mullins,206.34,Brazil,Stracciatella,1,7,1,9802.0
Vanessa,Fuller,186.14,Italy,Mint,1,4,0,9431.0
Christine,Marks,153.0,Sweden,Pistachio,0,9,1,11197.0
Darren,Higgins,168.3,China,Vanilla,0,8,1,17236.0
Yesenia,Ballard,134.94,Finland,Stracciatella,1,5,0,11102.0
Caleb,Jarvis,196.57,Brazil,Strawberry,0,7,0,7819.0
Louis,Wagner,149.41,Denmark,Pistachio,0,5,1,2546.0
Luke,Clements,204.61,Italy,Stracciatella,1,9,0,14172.0
Philip,Wang,133.95,France,Vanilla,0,4,1,14917.0
Allison,Byrd,186.13,Italy,Mint,1,3,1,3308.0
Denise,Reeves,181.19,Germany,Stracciatella,0,5,1,14738.0
Martha,Gonzales,200.83,Brazil,Pistachio,1,5,0,11481.0
Vanessa,Quinn,200.36,Australia,Vanilla,0,7,1,6706.0
Maurice,Bean,149.61,China,Stracciatella,0,7,0,13562.0
Lucas,Bolton,153.9,Sweden,Pistachio,1,1,1,3114.0
Wendy,Mcmahon,193.78,Japan,Chocolate,0,0,1,5713.0
Robert,Drake,189.63,Sweden,Stracciatella,0,4,1,11275.0
April,Ayala,196.9,Australia,Pistachio,0,6,0,4288.0
Michael,Jones,199.21,China,Strawberry,1,5,1,2360.0
Scott,Hopkins,150.91,Germany,Chocolate,0,6,1,15085.0
Whitney,Cunningham,186.72,Norway,Mint,1,6,0,1666.0
Anita,Robles,179.6,Norway,Chocolate,0,2,0,8394.0
Philip,Soto,148.67,Norway,Stracciatella,0,3,0,18326.0
Sheri,Gomez,138.08,Sweden,Strawberry,0,9,0,11265.0
Samuel,Lowery,199.62,Finland,Stracciatella,0,7,1,10644.0
Patrick,Mcdonald,136.26,Italy,Vanilla,0,9,1,12076.0
Olivia,Benson,181.42,USA,Strawberry,1,9,1,14198.0
Carl,Greene,141.13,Italy,Mint,0,8,1,3544.0
Evan,Smith,151.19,Canada,Pistachio,1,4,1,19048.0
Cody,Brewer,156.26,Canada,Mint,0,5,0,12484.0
Maurice,Jefferson,183.81,Australia,Mint,1,3,0,13350.0
Derek,Gillespie,156.51,Japan,Mint,0,9,0,2397.0
Brian,Johnson,198.92,Germany,Chocolate,1,4,1,18715.0
Kelly,Lawrence,139.71,USA,Mint,1,4,1,3722.0
Philip,Ramos,158.19,USA,Vanilla,1,8,0,12649.0
Antonio,Lloyd,143.76,Japan,Strawberry,1,2,0,7473.0
Mason,George,186.17,Canada,Chocolate,1,0,1,7613.0
Tricia,Chandler,167.05,China,Vanilla,1,5,0,2337.0
Antonio,Barker,164.35,Germany,Mint,0,0,1,13256.0
Theodore,Howe,154.8,Sweden,Pistachio,1,6,0,6824.0
Tracy,Hickman,158.78,Australia,Vanilla,0,0,1,6207.0
Terrence,Bates,156.49,USA,Strawberry,0,1,1,7545.0
Sharon,Diaz,187.96,Canada,Pistachio,1,4,1,10091.0
Sara,Larson,169.09,Japan,Vanilla,1,9,0,11609.0
Marcus,Santiago,203.29,UK,Chocolate,1,7,0,4395.0
Briana,Jacobs,166.13,Sweden,Mint,1,5,1,5741.0
Jimmy,Ponce,141.46,Finland,Vanilla,1,7,1,16828.0
Alejandra,Norton,150.72,Germany,Stracciatella,1,7,1,10065.0
Beth,Herrera,150.31,USA,Mint,0,0,0,16006.0
Dawn,Small,157.76,Brazil,Pistachio,0,7,1,5018.0
Xavier,Holder,135.32,Finland,Vanilla,0,8,0,14376.0
Travis,Bell,182.72,UK,Pistachio,0,0,0,8762.0
Raymond,Glenn,163.94,Australia,Pistachio,1,9,0,1673.0
Jenny,Vaughn,153.71,Brazil,Vanilla,1,5,1,5969.0
Hailey,Macdonald,203.69,Canada,Mint,0,4,1,3671.0
Sherry,Hill,170.27,Denmark,Vanilla,1,5,0,8868.0
Claudia,Orr,181.46,Italy,Pistachio,0,3,1,8146.0
Audrey,Scott,206.2,Germany,Pistachio,0,3,1,7382.0
Brittney,Logan,148.37,Finland,Mint,1,0,1,9784.0
Maurice,Stokes,182.18,Australia,Vanilla,0,4,0,13106.0
Alan,Farrell,173.81,Sweden,Pistachio,1,0,1,9236.0
Dakota,Carroll,152.81,Finland,Strawberry,0,5,0,18841.0
Carrie,Mcdonald,168.37,Denmark,Strawberry,0,2,1,8384.0
Luke,Sampson,196.37,UK,Stracciatella,1,8,1,5870.0
Tricia,Gray,170.18,France,Stracciatella,1,9,1,11287.0
Rachael,Keith,194.23,China,Vanilla,0,0,1,10980.0
April,Hall,162.37,Finland,Vanilla,0,9,1,1459.0
Mark,Cuevas,137.97,Canada,Chocolate,1,6,0,17764.0
Xavier,Nichols,206.14,Norway,Chocolate,1,3,1,5051.0
Yesenia,Cardenas,188.9,UK,Chocolate,1,9,1,13335.0
Madison,Burke,178.53,Germany,Stracciatella,0,8,1,11986.0
Joshua,Nunez,158.31,Brazil,Pistachio,0,6,1,4081.0
Leah,Townsend,149.75,Finland,Pistachio,1,4,0,9021.0
Shelley,Lang,160.45,Denmark,Strawberry,0,5,1,13887.0
Isabella,Olson,197.77,Brazil,Chocolate,0,7,1,5463.0
Jessica,Vega,163.27,Brazil,Strawberry,0,9,0,4486.0
Glenda,Eaton,200.54,Sweden,Pistachio,0,1,0,6359.0
Philip,Foster,149.96,Finland,Pistachio,1,3,0,2128.0
Leslie,Gomez,177.83,Germany,Strawberry,1,0,0,15876.0
Anthony,Francis,157.52,UK,Pistachio,0,4,1,9729.0
Kari,Prince,200.15,France,Stracciatella,1,2,0,8449.0
Monica,Maxwell,199.19,Finland,Strawberry,1,0,0,12755.0
Ethan,Armstrong,206.75,China,Mint,1,7,1,18402.0
Katelyn,Lowery,167.52,Canada,Chocolate,0,4,0,3172.0
Travis,Nunez,183.49,Norway,Stracciatella,1,6,0,2515.0
Jay,Ross,162.26,Canada,Mint,1,3,1,14127.0
Jonathon,Dawson,204.69,Japan,Stracciatella,1,0,0,2990.0
Anne,Oliver,162.65,Italy,Stracciatella,0,4,0,6104.0
Anna,Mahoney,139.06,USA,Strawberry,1,3,1,17383.0
Philip,Dorsey,181.99,Japan,Stracciatella,1,4,1,18733.0
Cassie,Wilson,150.24,UK,Mint,0,5,1,17929.0
Lisa,Burns,189.25,Italy,Chocolate,0,1,0,1658.0
Janice,Shepard,180.27,USA,Mint,1,3,0,13154.0
Dana,Mann,179.45,Denmark,Chocolate,1,8,0,14098.0
Marcus,Rios,141.11,UK,Pistachio,1,7,1,2064.0
Katherine,Hodges,194.95,Japan,Strawberry,1,9,1,10939.0
Andrew,Mercado,161.69,USA,Mint,1,6,0,4236.0
Alicia,Combs,177.16,Australia,Stracciatella,1,7,0,2644.0
Kelsey,Solis,202.69,Australia,Strawberry,1,3,0,10831.0
Shannon,Morris,152.77,UK,Chocolate,0,4,0,17973.0
Colin,Griffith,141.66,Canada,Vanilla,1,6,1,5093.0
Mary,Shaffer,180.19,Australia,Stracciatella,0,0,0,12328.0
Peggy,Gross,179.74,Australia,Strawberry,1,0,1,15243.0
Travis,Walls,201.89,Brazil,Strawberry,0,9,1,10640.0
Bob,Prince,163.79,Norway,Stracciatella,0,0,1,14714.0
Savannah,Hickman,201.48,Canada,Pistachio,1,4,1,3853.0
Lynn,Woods,201.21,UK,Strawberry,1,2,0,15631.0
Elizabeth,Miller,163.6,Norway,Mint,0,6,0,5537.0
Samuel,Anderson,182.19,Italy,Chocolate,0,4,0,12609.0
Carolyn,Pearson,138.51,Finland,Vanilla,0,6,0,14052.0
Brandon,Malone,134.27,USA,Pistachio,1,5,1,13805.0
Rachel,Luna,200.78,Sweden,Pistachio,0,3,0,3164.0
Robin,Simmons,142.21,UK,Stracciatella,1,0,1,13004.0
Scott,Howard,178.88,Sweden,Vanilla,1,3,1,10362.0
Brianna,Fleming,180.97,Japan,Chocolate,1,8,1,18093.0
Mckenzie,Roman,158.88,Brazil,Pistachio,1,4,0,4543.0
Cheryl,Barnes,202.51,Norway,Pistachio,0,3,0,2437.0
Martin,Harrison,146.52,France,Mint,0,0,1,14069.0
Olivia,Nunez,165.05,Finland,Vanilla,1,8,0,3086.0
Brandi,Hines,158.9,Norway,Stracciatella,0,2,1,3984.0
Jacqueline,Thomas,154.4,Canada,Stracciatella,1,7,0,3991.0
Brittany,Arnold,186.29,Japan,Pistachio,1,9,0,14005.0
Dean,Small,206.19,Sweden,Strawberry,0,3,1,14416.0
Marisa,Fleming,203.18,Canada,Strawberry,1,1,0,3323.0
Desiree,Sparks,175.05,Norway,Pistachio,1,2,0,13266.0
Russell,Weber,160.25,USA,Vanilla,1,7,1,17736.0
Tonya,Short,170.21,USA,Stracciatella,1,7,1,2555.0
Kim,Cantu,199.54,USA,Pistachio,0,6,1,3034.0
Mitchell,Browning,139.74,Australia,Vanilla,1,8,0,3585.0
Evan,Hubbard,195.88,Canada,Chocolate,0,5,1,4128.0
Jennifer,Booth,207.43,UK,Strawberry,0,9,0,6615.0
Timothy,Christensen,142.17,Japan,Mint,0,5,1,9544.0
Nicholas,Stevens,174.86,Australia,Pistachio,1,7,1,7605.0
Samantha,Hamilton,166.49,France,Stracciatella,0,1,0,9734.0
Garrett,Conrad,157.54,China,Mint,1,1,1,18657.0
Randy,Pugh,193.6,Japan,Strawberry,0,9,0,13213.0
John,Aguilar,160.28,Canada,Pistachio,0,7,0,3331.0
Russell,Brooks,177.7,Germany,Stracciatella,1,6,1,5659.0
Stacey,Murphy,147.19,Germany,Stracciatella,1,0,0,5467.0
Yvonne,Lucas,190.5,Canada,Strawberry,0,0,1,9285.0
Jessica,Willis,157.97,France,Mint,0,7,0,16293.0
Christopher,Simon,163.83,Sweden,Mint,1,5,0,7809.0
Kristopher,Clarke,205.68,Japan,Stracciatella,1,8,0,17489.0
Kimberly,Medina,183.32,USA,Chocolate,0,2,0,2211.0
Theodore,Robinson,199.49,UK,Pistachio,0,5,1,15902.0
Dawn,Mccoy,203.9,Australia,Stracciatella,0,3,0,5077.0
Chelsey,Robles,191.0,USA,Stracciatella,0,0,0,11001.0
Jose,Barton,205.95,Norway,Stracciatella,1,9,1,10640.0
Melissa,Griffith,192.67,France,Pistachio,1,8,0,6165.0
Gene,Pennington,134.29,Japan,Strawberry,0,8,0,18104.0
Timothy,Hamilton,194.7,France,Pistachio,1,6,1,6227.0
Mark,Wiggins,155.15,Italy,Stracciatella,1,9,0,8683.0
Erik,Medina,170.41,Finland,Mint,0,1,0,7652.0
Mckenzie,Randall,188.6,Brazil,Pistachio,0,9,0,9394.0
Kevin,Briggs,144.28,China,Mint,0,9,1,6641.0
Holly,Chapman,135.46,Finland,Pistachio,0,4,1,16596.0
Seth,Freeman,144.59,UK,Pistachio,1,4,1,2102.0
Derrick,Martinez,182.08,Denmark,Strawberry,1,1,1,6331.0
Scott,Clark,184.22,Germany,Pistachio,0,7,1,12894.0
Robin,Clarke,200.32,Denmark,Pistachio,1,4,1,2206.0
Chelsey,Martin,204.75,Japan,Stracciatella,0,4,0,4452.0
Jonathan,James,200.47,UK,Pistachio,1,0,1,6951.0
Anne,Wilson,168.14,France,Chocolate,0,5,0,14294.0
Kristen,Livingston,135.62,Sweden,Stracciatella,1,5,0,12665.0
Joel,Odonnell,173.32,Norway,Stracciatella,0,4,0,4768.0
Beverly,Morris,146.05,Denmark,Chocolate,0,8,0,7133.0
Samantha,Holmes,147.33,Italy,Stracciatella,0,5,1,16737.0
Veronica,Bond,139.65,Brazil,Pistachio,1,8,0,9650.0
Gerald,Mckay,191.65,USA,Vanilla,1,0,1,3273.0
Jorge,Holt,194.86,USA,Vanilla,1,4,0,8771.0
Brian,Wallace,193.99,USA,Strawberry,1,7,1,9769.0
Ashlee,Russell,177.05,Denmark,Chocolate,1,9,1,13840.0
Antonio,Weaver,170.14,Germany,Vanilla,1,3,1,8416.0
Alison,Vega,151.88,Norway,Strawberry,1,1,1,17740.0
Antonio,Anderson,135.29,Brazil,Vanilla,0,5,1,12050.0
Jason,Knight,205.99,Canada,Pistachio,0,2,1,9639.0
Jerry,Joseph,190.2,Japan,Strawberry,1,5,1,14630.0
Kylie,Montgomery,181.25,China,Vanilla,0,5,0,16965.0
Meghan,Zuniga,149.33,UK,Vanilla,0,8,0,12325.0
Phillip,Miles,136.81,USA,Chocolate,0,5,0,14145.0
Antonio,Lopez,169.75,Australia,Strawberry,0,5,1,6471.0
Jimmy,Taylor,178.73,Italy,Strawberry,0,3,1,11356.0
Todd,Parker,166.36,Italy,Pistachio,0,9,1,10423.0
Bob,Leon,166.6,Brazil,Strawberry,0,0,1,7950.0
Brittney,Barton,158.23,Norway,Mint,0,9,0,17729.0
Ethan,Greene,159.67,Sweden,Chocolate,0,3,0,19010.0
Dawn,Noble,163.52,Norway,Chocolate,1,0,1,9406.0
Lucas,Gordon,148.1,Finland,Mint,0,8,0,2603.0
Anna,Zuniga,182.7,Brazil,Pistachio,0,4,1,4136.0
Dominique,Bonilla,153.51,Japan,Pistachio,1,1,1,16809.0
Anne,Miller,158.4,Sweden,Pistachio,1,6,1,13440.0
Crystal,Colon,141.03,Australia,Strawberry,0,3,0,10785.0
Raven,Hines,151.3,Canada,Vanilla,1,9,0,8848.0
Nathaniel,Hardin,202.02,UK,Vanilla,0,9,0,14567.0
Henry,Weaver,145.79,Denmark,Pistachio,1,3,0,11548.0
Charlotte,Warren,143.17,Brazil,Strawberry,0,9,0,5148.0
Whitney,Livingston,206.54,France,Vanilla,0,6,0,8927.0
Christine,Williams,165.24,Norway,Stracciatella,1,1,1,2196.0
Clinton,Mueller,182.5,Finland,Pistachio,1,3,1,3854.0
Frances,Cohen,201.03,Sweden,Vanilla,0,7,0,6213.0
Brian,Scott,149.84,Brazil,Strawberry,0,8,1,6652.0
Darrell,Wall,156.68,Canada,Mint,1,9,1,13393.0
Bonnie,Willis,206.0,Brazil,Vanilla,1,5,0,8101.0
Makayla,Herrera,206.86,Denmark,Vanilla,0,0,0,13200.0
Peggy,Lara,142.44,France,Chocolate,1,3,1,9448.0
Lorraine,Gibson,197.67,Brazil,Stracciatella,0,4,1,8980.0
Ethan,Robertson,140.01,Italy,Mint,1,9,1,6258.0
Bob,Li,160.39,France,Stracciatella,1,8,0,12692.0
Christopher,Hardin,190.69,Canada,Strawberry,1,4,1,10076.0
Francisco,Bonilla,168.07,USA,Stracciatella,1,8,0,12902.0
Pam,Brown,188.21,France,Stracciatella,0,4,0,6693.0
Keith,Stout,135.29,Italy,Stracciatella,1,2,0,8952.0
Jake,Sullivan,162.5,China,Vanilla,1,3,0,15229.0
Sherry,Logan,135.06,Germany,Mint,1,8,0,10311.0
Randall,Lopez,167.33,Denmark,Strawberry,1,4,1,5180.0
Brian,Mcclain,145.3,Brazil,Stracciatella,0,4,1,16624.0
Gary,Romero,183.77,Denmark,Stracciatella,0,3,0,16821.0
William,Hall,157.97,Norway,Strawberry,0,1,0,9186.0
Monica,Powell,154.32,UK,Mint,1,7,1,8827.0
James,Graham,158.3,UK,Strawberry,1,0,0,17746.0
Rachael,Small,155.99,Finland,Pistachio,1,9,0,11630.0
Annette,Robertson,170.98,Brazil,Strawberry,1,5,0,13925.0
Derek,Palmer,178.88,Japan,Strawberry,0,0,0,13681.0
Lawrence,Lambert,139.78,Finland,Mint,1,9,0,8712.0
Heather,Rose,160.74,USA,Vanilla,0,1,0,1492.0
Regina,Craig,203.65,Sweden,Vanilla,0,0,1,14714.0
Molly,Bailey,188.37,Italy,Strawberry,1,5,1,8145.0
Luis,Walton,178.22,France,Pistachio,0,8,0,12881.0
Hunter,Bennett,204.04,France,Mint,0,0,1,10520.0
Chelsea,Macdonald,177.42,Sweden,Stracciatella,0,3,1,12722.0
Billy,Lynch,189.2,Japan,Stracciatella,1,5,1,14651.0
Travis,Rice,149.51,Canada,Pistachio,1,8,1,14433.0
Evan,Cardenas,162.19,Norway,Pistachio,0,5,1,12595.0
Michele,Bond,199.95,Germany,Strawberry,0,2,0,3042.0
Leslie,Alvarez,177.58,Finland,Chocolate,0,3,0,2533.0
Joe,Adams,195.25,Italy,Mint,0,2,1,4226.0
Vernon,Kemp,174.0,Germany,Vanilla,1,8,1,15274.0
Isabella,Wood,181.06,Canada,Pistachio,1,3,1,1345.0
Audrey,Ball,180.87,Canada,Vanilla,0,0,1,8616.0
Kristin,Foster,178.87,Finland,Stracciatella,0,5,0,19008.0
Bridget,Roberson,148.57,France,Vanilla,0,7,0,12445.0
Jamie,Williams,203.6,Brazil,Strawberry,0,6,0,1817.0
Darren,Shaw,172.5,UK,Vanilla,1,5,0,5304.0
Drew,Murray,164.13,Norway,Vanilla,1,1,1,10832.0
Teresa,Martinez,191.84,Italy,Strawberry,0,6,0,7667.0
Charles,Hoover,151.48,Brazil,Mint,0,2,0,8904.0
Albert,Washington,136.68,Finland,Vanilla,1,4,1,6026.0
Kim,Richardson,150.17,Brazil,Pistachio,0,1,0,11335.0
Savannah,Poole,192.66,UK,Pistachio,1,0,1,8849.0
Raven,Riley,153.89,Canada,Strawberry,1,9,0,18268.0
Kenneth,Bonilla,176.22,Australia,Stracciatella,0,1,1,13435.0
Natalie,Cobb,141.53,Brazil,Strawberry,0,1,0,13584.0
Susan,Mahoney,157.51,Brazil,Pistachio,0,3,0,16188.0
Jeremy,Hayes,199.14,France,Mint,1,2,0,8268.0
Alexis,Hess,150.74,Australia,Stracciatella,0,5,1,8661.0
Dana,Cunningham,195.89,Finland,Stracciatella,0,0,0,8768.0
Natasha,Sanders,179.48,Italy,Chocolate,1,4,1,11930.0
Kaitlyn,Moyer,162.03,Australia,Strawberry,0,5,0,6597.0
Douglas,Oconnor,168.11,Japan,Strawberry,0,5,0,14573.0
Wanda,Pratt,173.07,UK,Mint,0,3,0,10038.0
Travis,Valencia,177.7,China,Stracciatella,0,8,0,15533.0
Elizabeth,Knight,177.09,UK,Pistachio,0,1,0,16647.0
Jay,Maxwell,167.04,China,Mint,1,6,1,10281.0
Lorraine,Herman,135.64,Italy,Stracciatella,0,3,1,10100.0
Perry,Davis,146.84,Norway,Strawberry,1,7,1,1781.0
Gregory,Donaldson,193.93,Denmark,Pistachio,1,1,1,6763.0
Krista,Hammond,171.73,Brazil,Stracciatella,1,2,1,11644.0
Madison,Watson,142.73,Australia,Chocolate,1,9,0,4535.0
Leslie,Anthony,164.23,Australia,Mint,1,9,0,8376.0
Matthew,Matthews,199.55,Italy,Pistachio,1,1,1,8350.0
Mario,Baldwin,198.79,Italy,Stracciatella,0,7,0,15110.0
Phillip,Pineda,167.1,Norway,Stracciatella,0,9,0,11669.0
Paul,Braun,137.55,Norway,Stracciatella,0,7,1,11286.0
Cheryl,Norris,183.46,Australia,Strawberry,0,2,1,11086.0
Ryan,Powers,185.36,France,Strawberry,0,2,1,17087.0
Doris,Shaffer,203.67,Norway,Pistachio,1,7,1,14325.0
Juan,Jarvis,174.85,Germany,Chocolate,1,2,1,5195.0
Dawn,Barnett,142.14,Italy,Stracciatella,1,6,0,4470.0
Roger,Bradley,172.23,Canada,Strawberry,1,3,1,18130.0
Haley,Kirby,164.87,Denmark,Mint,0,5,0,3653.0
Tamara,Figueroa,175.73,Italy,Mint,1,1,0,14767.0
Chelsea,Gonzalez,201.92,USA,Chocolate,0,5,1,2588.0
Bobby,Palmer,155.19,USA,Stracciatella,1,6,1,8840.0
Kari,Howe,188.55,France,Pistachio,1,3,0,6179.0
Lori,Dean,200.98,Brazil,Stracciatella,1,6,0,3078.0
Alan,Orr,203.76,UK,Stracciatella,0,7,1,13534.0
Billy,Paul,167.81,Norway,Chocolate,1,4,0,3349.0
Katherine,Snyder,150.18,UK,Vanilla,1,7,1,10790.0
Erik,Kemp,191.11,Sweden,Pistachio,0,1,1,7205.0
Jennifer,Smith,201.35,Italy,Strawberry,1,6,0,2777.0
Alexander,Irwin,188.67,Germany,Mint,1,6,0,13874.0
Johnathan,Saunders,173.14,Brazil,Stracciatella,0,3,1,2364.0
Makayla,Wheeler,150.96,UK,Chocolate,0,1,0,2405.0
Cody,Levy,154.02,Denmark,Stracciatella,0,5,0,10173.0
Carolyn,Willis,166.64,Sweden,Stracciatella,0,6,0,3113.0
Samantha,Valdez,181.51,France,Pistachio,1,4,0,1581.0
Linda,Payne,198.45,France,Chocolate,1,9,1,1911.0
Justin,Dickson,185.87,UK,Pistachio,0,4,1,18582.0
Luis,Peters,139.71,China,Stracciatella,0,6,1,8637.0
